亜,Asie
亜,suivant
亜,sub-
亜,sous-
阿,flatter
阿,flagorner
阿,Afrique
阿,coin
阿,recoin
哀,pitoyable
哀,peine
哀,chagrin
哀,pitié
哀,pathétique
哀,compatir
愛,amour
愛,affection
愛,favori
悪,mauvais
悪,vice
悪,vaurien
悪,faux
悪,mal
握,s'agripper
握,tenir
握,"mouler (sushis)"
握,soudoyer
旭,"soleil levant"
梓,catalpa
圧,pression
圧,pousser
圧,submerger
圧,oppresser
圧,dominer
扱,manoeuvrer
扱,"prendre en main"
扱,battre
扱,arracher
宛,"adresse (postale)"
宛,"comme si"
宛,"de chaque"
宛,heureusement
或,"un certain"
或,un
或,ou
或,"ou bien"
安,paisible
安,calme
安,tranquille
安,"pas cher"
安,reposant
安,satisfait
暗,obscurité
暗,disparaître
暗,ombre
暗,informel
暗,s'assombrir
暗,"être aveuglé"
案,plan
案,suggestion
案,"projet (loi)"
案,réflexion
案,peur
案,proposition
案,idée
案,attente
杏,abricot
以,"au moyen de"
以,"parce que"
以,"en vue de"
以,"comparé à"
伊,Italie
伊,celui-là
位,rang
位,position
位,grade
位,trône
位,couronne
位,"à peu près"
依,dépendant
依,"par conséquent"
依,donc
依,"dû à"
偉,admirable
偉,grandeur
偉,remarquable
偉,vaniteux
偉,célèbre
偉,excellent
囲,entourer
囲,assiéger
囲,enceinte
囲,palissade
囲,encercler
囲,réserve
囲,garder
委,comité
委,"confier à"
委,"laisser à"
委,"se consacrer"
委,abandonner
威,intimidant
威,dignité
威,majesté
威,menacer
尉,officier
尉,geôlier
尉,"vieil homme"
尉,rang
意,idée
意,esprit
意,coeur
意,pensée
意,attention
意,goût
意,désir
慰,réconforter
慰,divertissement
慰,séduire
慰,consoler
慰,remonter
慰,"s'amuser de"
易,facile
易,prêt-à-...
易,simple
易,voyance
易,divination
易,commerce
為,faire
為,changer
為,bénéfice
為,bien-être
為,"être utile"
為,atteindre
為,essayer
為,s'entraîner
為,coûter
為,"servir pour"
為,bon
為,avantage
為,"par suite de"
異,inhabituel
異,bizarrerie
異,étrangeté
異,surprenant
異,curieux
異,extraordinaire
移,déplacer
移,transporter
移,déménager
移,changer
移,inconstant
移,"prendre (froid, feu)"
移,transférer
維,fibre
維,cordon
維,corde
維,conservation
緯,horizontal
緯,"trame (tissage)"
緯,"gauche et droite"
緯,latitude
胃,estomac
胃,ventre
胃,jabot
衣,vêtement
衣,habillement
違,différence
違,différer
遺,léguer
遺,"laisser derrière"
遺,garder
医,médecin
医,docteur
井,puits
井,margelle
井,ville
井,communauté
亥,"signe de la 12ème branche terrestre"
亥,"signe du Porc (zodiaque)"
亥,"21 à 23 h"
域,zone
域,champ
域,région
域,limites
域,stade
域,niveau
育,élever
育,grandir
一,un
一,"radical un (no. 1)"
壱,"un (I)"
逸,dévier
逸,oisiveté
逸,loisirs
逸,rater
逸,s'évader
逸,"échapper à"
逸,s'écarter
逸,parer
逸,diverger
稲,"plant de riz"
茨,épine
茨,églantier
芋,"pomme de terre"
允,licence
允,permis
允,sincérité
印,tampon
印,sceau
印,impression
印,empreinte
印,symbole
印,emblème
印,marque
印,preuve
印,souvenir
印,Inde
員,employé
員,membre
員,"nombre (de personnes)"
員,"personne en charge"
因,cause
因,facteur
因,"associé à"
因,"dépendre de"
因,"limité à"
姻,conjugal
姻,mariage
引,tirer
引,admettre
引,installer
引,citation
引,référence
引,"jouer (musique)"
引,"attraper (froid)"
飲,boire
飲,fumer
飲,prendre
院,temple
院,institution
院,résidence
院,école
院,hôpital
陰,Yin
陰,ombre
陰,négatif
陰,secret
陰,"organes sexuels"
隠,dissimuler
隠,cacher
隠,couvrir
韻,rime
韻,élégance
韻,"son (phonème)"
右,droite
宇,firmament
宇,cieux
宇,auvent
宇,toit
宇,maison
烏,corneille
烏,corbeau
羽,plume
羽,"compteur d'oiseaux, lapins"
迂,déviation
雨,pluie
卯,"signe de la 4ème branche terrestre"
卯,"signe du Lapin (zodiaque)"
卯,"5 à 7 heures du matin"
卯,"Est (90°)"
丑,"signe de la 2ème branche terrestre"
丑,"signe du Boeuf (zodiaque)"
丑,"1 à 3 heures du matin"
臼,mortier
渦,tourbillon
渦,remous
渦,vortex
浦,baie
浦,crique
浦,anse
浦,golfe
浦,rivage
浦,côte
浦,plage
瓜,melon
運,porter
運,chance
運,destin
運,destinée
運,sort
運,progrès
雲,nuage
営,travail
営,camp
営,exécuter
営,construire
営,diriger
影,"ombre portée"
影,silhouette
影,fantôme
映,projection
映,refléter
映,réflexion
栄,florissant
栄,prospérité
栄,honneur
栄,gloire
栄,splendeur
永,éternité
永,long
永,permanent
泳,nager
英,Angleterre
英,anglais
英,"fleur éclose"
英,brillant
衛,défense
衛,protection
詠,"composer (un poème)"
詠,récitation
詠,poème
詠,chanson
鋭,pointu
鋭,aigu
鋭,tranchant
鋭,arme
鋭,radical
鋭,violent
液,liquide
液,jus
液,fluide
液,sève
液,sécrétion
疫,épidémie
益,bénéfice
益,gain
益,profit
益,avantage
駅,gare
悦,extase
悦,joie
悦,ravissement
謁,audience
越,doubler
越,traverser
越,muter
越,surpasser
越,Vietnam
閲,revue
閲,inspection
閲,révision
円,cercle
円,yen
円,rond
園,parc
園,jardin
園,ferme
宴,banquet
宴,fête
宴,"réception (party)"
宴,repos
延,prolonger
延,allonger
延,étendre
怨,rancune
怨,ressentiment
怨,jalousie
援,renfort
援,aide
援,assistance
沿,longer
沿,suivre
沿,"parallèle à"
演,interpréter
演,représentation
演,jouer
演,numéro
演,réciter
演,"mettre en scène"
炎,inflammation
炎,flamme
炎,incendie
煙,fumée
猿,singe
縁,affinité
縁,relation
縁,karma
縁,rapport
縁,bord
縁,bordure
艶,luisant
艶,brillant
艶,lustré
艶,charmant
艶,poli
艶,verni
艶,coloré
艶,captivant
苑,"jardins (impériaux)"
苑,parc
苑,ferme
苑,recueil
遠,loin
遠,distant
鉛,plomb
塩,sel
於,dans
於,en
於,à
於,"en ce qui concerne"
汚,sale
汚,polluer
汚,disgrâce
汚,profaner
汚,souiller
凹,concave
凹,creux
凹,dépression
央,centre
央,milieu
奥,intérieur
奥,coeur
奥,fond
奥,épouse
往,"aller simple"
往,aller
往,"parer (coup)"
往,voyage
往,parfois
応,postuler
応,oui
応,OK
応,accepter
応,"combler (satisfaire)"
応,répondre
押,appuyer
押,pousser
押,arrêter
押,contrôler
押,soumettre
押,attacher
押,saisir
押,maintenir
押,sceau
押,presser
押,"faire en dépit de"
横,latéral
横,côté
横,horizontal
横,largeur
横,"trame (tissu)"
欧,Europe
殴,assaut
殴,attaque
殴,frapper
殴,battre
殴,rosser
王,roi
王,régner
王,magnat
翁,"vénérable vieillard"
黄,jaune
岡,mont
岡,colline
岡,butte
沖,"au large"
沖,"en haute mer"
沖,"montée au ciel"
荻,roseau
荻,jonc
億,"cent millions"
億,10**8
屋,toit
屋,maison
屋,échoppe
屋,négociant
屋,vendeur
憶,souvenir
憶,mémoire
憶,réminiscence
乙,"radical hameçon (no. 5)"
乙,chic
乙,"signe du 2ème tronc céleste"
乙,dernier
乙,second
乙,étrange
卸,"vente en gros"
恩,faveur
恩,gentillesse
恩,bonté
恩,pitié
恩,grâce
恩,bénédiction
恩,bienfait
温,chaud
穏,paisible
穏,calme
穏,modéré
音,son
音,bruit
下,au-dessous
下,descendre
下,bas
下,"donner (vous me donnez)"
下,inférieur
化,transformation
化,"prendre la forme de"
化,maquillage
化,influence
化,fantôme
化,enchanter
化,tromper
化,chimie
化,-isation
仮,factice
仮,intérim
仮,temporaire
仮,"emprunt (nom d')"
仮,informel
仮,ka(na)
何,quoi
価,prix
価,valeur
佳,excellent
佳,beau
佳,bon
佳,plaisant
佳,habile
加,ajouter
加,addition
加,augmentation
加,rejoindre
加,inclure
加,Canada
可,possible
可,acceptable
可,"ne doit pas"
可,"ne pas, négatif"
夏,été
嫁,"prendre mari"
嫁,mariage
嫁,belle-fille
家,maison
寡,"très peu"
寡,minorité
寡,veuve
科,département
科,section
科,cours
科,science
暇,"temps libre"
暇,repos
暇,loisirs
暇,temps
暇,congé
果,fruit
果,récompense
果,"remplir (tâche)"
果,achever
果,compléter
果,finir
果,réussir
果,"atteindre un but"
架,ériger
架,monter
架,"suspendre (pont)"
架,"supporter (poids)"
架,étagère
架,construire
歌,chanson
歌,chanter
河,rivière
河,fleuve
火,feu
禍,calamité
禍,malchance
禍,mal
禍,malédiction
稼,gains
稼,travail
稼,"gagner de l'argent"
箇,unités
箇,"compteur de choses"
花,fleur
荷,bagages
荷,balancier
荷,"porter (un fardeau)"
荷,"épauler (fusil)"
荷,cargaison
荷,chargement
荷,fret
華,splendeur
華,fleur
華,pétale
華,briller
華,lustre
華,ostentatoire
華,voyant
華,magnifique
菓,friandise
菓,gâteau
菓,fruit
課,leçon
課,chapitre
課,section
課,service
課,division
課,"compteur de chapitres"
貨,fret
貨,biens
過,passer
過,dépasser
過,excéder
過,erreur
蚊,moustique
我,ego
我,je
我,moi
我,égoïste
我,notre
我,soi-même
牙,croc
牙,défense
牙,"radical défense d'ivoire (no. 92)"
画,"trait de plume"
画,dessin
画,écran
画,"compteur de traits de kanji"
芽,bourgeon
芽,pousse
芽,brin
芽,germe
賀,félicitations
賀,joie
雅,"bon goût"
雅,élégant
雅,gracieux
雅,raffiné
餓,famine
餓,faim
餓,soif
介,immixtion
介,coquillage
介,intervention
介,intermédiaire
介,"s'occuper de"
会,réunion
会,rencontre
会,meeting
会,parti
会,association
会,entrevue
会,rejoindre
解,délier
解,notes
解,clé
解,explication
解,compréhension
解,défaire
解,résoudre
解,répondre
解,annuler
解,absoudre
解,expliquer
解,minute
回,tourner
回,fois
回,rond
回,"manche (jeu)"
回,tour
回,révolution
回,récurrence
回,"compteur de fois"
塊,motte
塊,caillot
塊,masse
壊,démolition
壊,casser
壊,détruire
快,agréable
快,gai
快,plaisant
快,confortable
怪,méfiant
怪,mystère
怪,apparition
悔,regret
悔,repentir
懐,poche
懐,bourse
懐,sentiments
懐,coeur
懐,apprivoiser
懐,nostalgie
懐,"aspirer à"
懐,"s'attacher à"
懐,"manquer (personne)"
懐,seins
戒,châtiment
戒,avertissement
拐,rapt
拐,falsifier
改,réforme
改,changer
改,modifier
改,améliorer
改,renouveler
改,examiner
改,inspecter
改,chercher
械,instrument
械,machine
械,entrave
海,mer
海,océan
灰,cendre
灰,lessive
灰,incinéré
界,monde
皆,tout
皆,tous
絵,image
絵,dessin
絵,peinture
絵,esquisse
開,ouvrir
開,s'ouvrir
開,"briser le sceau"
階,étage
階,niveau
階,"compteur d'étages"
貝,coquillage
劾,censure
劾,"enquête criminelle"
外,extérieur
害,tort
害,mal
害,blessure
慨,repentir
慨,regret
慨,triste
慨,soupir
慨,plainte
概,"grandes lignes"
概,"dans l'ensemble"
概,approximation
概,"en gros"
概,"en général"
涯,horizon
涯,rivage
街,boulevard
街,rue
街,ville
該,ci-dessus
該,"le dit"
該,concerné
該,"la chose en question"
垣,haie
垣,clôture
垣,mur
嚇,menaçant
嚇,dignité
嚇,majesté
各,chacun
各,chaque
拡,élargir
拡,étendre
拡,développer
拡,agrandir
格,rang
格,statut
格,capacité
格,caractère
格,"cas (loi, grammaire)"
核,noyau
核,nucléaire
核,coeur
殻,coquille
殻,"enveloppe (grain)"
獲,prise
獲,capturer
獲,obtenir
獲,gagner
獲,acquérir
獲,pouvoir
獲,"pouvoir faire"
確,certitude
確,confirmation
確,sûr
確,solide
確,clair
確,évident
穫,récolte
穫,moisson
覚,mémoriser
覚,"se rappeler"
覚,perception
覚,sens
覚,réveil
覚,dessoûler
角,angle
角,coin
角,carré
角,corne
角,"bois (andouillers)"
較,contraste
較,comparer
郭,enceinte
郭,quartiers
郭,fortifications
郭,"quartier chaud"
閣,tour
閣,"tour (immeuble)"
閣,palais
隔,distance
隔,isoler
隔,séparer
隔,"tous les deux (jours, mois, ..)"
隔,"fossé (fig.)"
革,cuir
革,peau
革,fourrure
革,"devenir sérieux"
革,rénovation
革,réforme
学,étudier
学,apprendre
学,science
岳,pointe
岳,pic
岳,montagne
楽,musique
楽,agréable
楽,confort
額,front
額,tablette
額,plaque
額,"peinture (encadrée)"
額,somme
額,montant
額,volume
掛,accrocher
掛,suspendre
掛,dépendre
掛,"arriver à"
掛,taxe
掛,verser
笠,"chapeau de bambou"
笠,"influence (d'une personne)"
潟,lagon
割,briser
割,diviser
割,couper
割,séparer
割,proportion
割,"pourcentage (10%)"
喝,gronder
喝,rauque
括,lier
括,attacher
括,arrêter
括,serrer
活,vivant
活,animé
活,résurrection
活,"être aidé"
渇,soif
渇,sécheresse
滑,glisser
滑,glissant
滑,rater
褐,brun
褐,"kimono de laine"
轄,contrôle
轄,"cale (coin)"
且,"de plus"
且,"en outre"
且,"et aussi"
株,"action boursière"
株,titre
株,"souche (arbre)"
株,"compteur de petites plantes"
蒲,"massette (typha latifolia)"
鎌,faucille
鎌,serpe
鎌,faux
鎌,duper
刈,moissonner
刈,faucher
刈,tondre
刈,tailler
刈,couper
瓦,tuile
瓦,gramme
乾,sécheresse
乾,sécher
乾,dessécher
乾,"vider (verre)"
乾,cieux
乾,empereur
冠,couronne
冠,"le meilleur"
冠,inégalable
寒,"froid (temps)"
刊,publier
刊,ciseler
刊,graver
勘,intuition
勘,perception
勧,persuader
勧,recommander
勧,conseiller
勧,encourager
勧,offre
巻,rouleau
巻,livre
巻,tome
巻,volume
巻,partie
巻,enrouler
巻,envelopper
巻,"compteur de textes (manuscrits roulés)"
喚,hurler
喚,crier
堪,résistance
堪,endurer
堪,supporter
堪,résister
完,parfait
完,achèvement
完,accompli
官,fonctionnaire
官,gouvernemental
寛,tolérant
寛,indulgent
寛,générosité
寛,"se sentir chez soi"
寛,"être à l'aise"
寛,"ouverture d'esprit"
干,sec
干,dessécher
幹,"tronc d'arbre"
幹,"pièce principale"
患,maladie
患,affection
患,"souffrir de"
患,patient
感,sentiment
感,émotion
感,sensation
慣,"avoir l'habitude"
慣,s'accoutumer
慣,coutumes
慣,expérience
憾,remords
憾,regrets
憾,"être désolé"
憾,maudire
換,échanger
換,remplacer
換,convertir
換,change
敢,audace
敢,triste
敢,tragique
敢,pitoyable
敢,frêle
敢,faible
棺,cercueil
款,"bonne volonté"
款,article
款,section
款,fraternisation
款,amitié
款,connivence
歓,joie
歓,plaisir
歓,ravissement
汗,sueur
汗,transpirer
漢,sino-
漢,Chine
環,anneau
環,cercle
環,roue
環,maillon
甘,doux
甘,enjôler
甘,dorloter
甘,"être content"
甘,sucré
監,surveiller
監,officiel
監,"bureau administratif"
監,gouverner
監,administrer
看,"regarder attentivement"
看,"veiller sur"
管,tuyau
管,tube
管,"instrument à vent"
管,"discours d'ivrogne"
管,gestion
簡,simplicité
簡,brièveté
緩,relâcher
緩,abaisser
緩,décompresser
緩,"lâche (noeud)"
緩,modéré
緩,aise
缶,"boîte de conserve"
缶,récipient
缶,"radical jarre (no. 121)"
肝,foie
肝,cran
肝,courage
肝,audace
艦,"navire de guerre"
観,perspective
観,vue
観,aspect
観,apparence
観,"condition (état)"
貫,percer
貫,"kan (= 3750 g)"
貫,pénétrer
貫,cohérence
貫,"soutien (renfort)"
還,renvoyer
還,retour
鑑,échantillon
鑑,"être mis en garde"
鑑,"apprendre de"
間,intervalle
間,espace
閑,loisirs
関,relation
関,barrière
関,lien
関,rapport
関,concerner
陥,s'écrouler
陥,piège
陥,"tomber dans"
陥,capituler
陥,"tomber (château)"
陥,"glisser dans"
韓,Corée
館,bâtiment
館,"grand bâtiment"
館,résidence
館,palais
丸,rond
丸,arrondir
丸,"entier (mois)"
丸,pilule
丸,perfection
丸,"suffixe des bateaux"
丸,"se pelotonner"
丸,"se rouler en boule"
丸,séduire
丸,justifier
含,inclure
含,retenir
含,comprendre
含,chérir
岸,côte
岸,rive
岸,plage
眼,"globe oculaire"
岩,rocher
岩,roc
岩,falaise
頑,opiniâtre
頑,tenace
頑,têtu
頑,obstination
頑,stupide
顔,visage
顔,expression
願,demande
願,prière
願,souhait
願,voeu
願,espoir
企,entreprendre
企,concept
企,projet
企,essai
企,plan
危,dangereux
危,crainte
危,gêne
喜,"se réjouir"
喜,"prendre plaisir à"
器,ustensile
器,récipient
器,instrument
器,appareil
器,capacité
器,outil
器,"service (de table)"
基,fondements
基,"radical (chimie)"
基,"compteur de machines"
基,fondations
奇,étrange
奇,étrangeté
奇,"curieux (bizarre)"
寄,approcher
寄,s'approcher
寄,"faire une visite"
寄,collecter
寄,rassembler
寄,envoyer
寄,"faire suivre"
岐,bifurcation
岐,embranchement
岐,scène
岐,arène
岐,théâtre
希,espoir
希,demander
希,prier
希,implorer
希,dilution
希,Grèce
希,rare
希,"peu nombreux"
希,phénoménal
幾,combien
幾,quel
幾,quelques
忌,deuil
忌,détester
忌,répugnant
忌,"anniversaire du décès"
揮,brandir
揮,agiter
揮,remuer
揮,balancer
揮,secouer
机,bureau
机,table
旗,drapeau
旗,bannière
旗,étendard
既,déjà
既,auparavant
既,"il y a longtemps"
期,période
期,temps
期,date
期,terme
棋,"pièce d'échec"
棋,"échecs japonais"
棋,shogi
棄,abandonner
棄,jeter
棄,"se débarrasser"
棄,renoncer
棄,rejeter
棄,sacrifier
機,"métier à tisser"
機,mécanique
機,opportunité
機,machine
機,avion
機,organique
帰,"retour à la maison"
帰,"arriver à"
帰,"mener à"
帰,"aboutir à"
帰,renvoyer
気,esprit
気,air
気,atmosphère
気,humeur
汽,vapeur
祈,prier
祈,voeu
季,saison
紀,chronique
紀,compte-rendu
紀,narration
紀,histoire
紀,annales
紀,"ère géologique"
規,norme
規,mesure
記,inscrire
記,compte-rendu
記,narration
貴,précieux
貴,"de valeur"
貴,prisé
貴,estimé
貴,honneur
起,"se lever"
起,"se réveiller"
起,début
起,"se produire"
起,provoquer
軌,ornière
軌,rails
軌,orbite
軌,modèle
軌,"façon de faire"
輝,étincelant
輝,étincelle
輝,briller
輝,scintiller
飢,faim
飢,famine
騎,cavalier
騎,"monter à cheval"
騎,"compteur de cavaliers"
鬼,démon
鬼,monstre
亀,tortue
偽,faux
偽,mensonge
偽,berner
偽,prétendre
偽,imitation
偽,contrefaçon
儀,cérémonie
儀,règle
儀,affaire
儀,cas
儀,matière
儀,manières
宜,convenable
宜,bon
宜,"mes amitiés!"
戯,divertissement
戯,jeu
戯,sport
技,habileté
技,art
技,technique
技,"jeu (d'acteur)"
技,prouesse
技,métier
技,vocation
技,arts
擬,imitation
擬,"pointer une arme"
擬,nommer
擬,comparer
欺,tromperie
欺,tricherie
欺,supercherie
犠,sacrifice
疑,douter
疑,méfiance
疑,soupçon
疑,question
義,vertu
義,justice
義,moralité
義,honneur
義,loyauté
義,signification
議,délibération
議,entretien
議,débat
議,considération
菊,chrysanthème
吉,"bonne chance"
吉,joie
吉,félicitations
喫,consommer
喫,manger
喫,boire
喫,fumer
喫,"recevoir (un coup)"
詰,"hermétiquement clos"
詰,conserve
詰,coincé
詰,réprimande
詰,blâme
却,"au lieu de"
却,"au contraire"
却,plutôt
客,hôte
客,client
客,visiteur
脚,"pied (d'un objet)"
脚,patins
脚,"train d'atterrissage"
虐,tyranniser
虐,opprimer
逆,inverse
逆,contraire
逆,opposé
逆,mauvais
丘,colline
丘,butte
久,longtemps
久,"vieille histoire"
休,repos
休,"jour de repos"
休,"se coucher"
休,dormir
及,allonger
及,"tendre le bras"
及,exercice
及,s'étendre
及,causer
吸,aspirer
吸,absorber
吸,inhaler
吸,siroter
宮,sanctuaire
宮,constellations
宮,palais
宮,princesse
弓,arc
弓,archet
急,urgence
急,"se dépêcher"
急,soudain
急,raide
急,abrupt
急,aigu
救,sauvetage
救,sauver
救,aider
救,secourir
救,récupérer
朽,délabré
朽,pourri
朽,"rester reclus"
求,réclamer
求,demander
求,vouloir
求,désirer
泣,pleurer
泣,gémir
球,balle
球,sphère
究,recherche
究,étudier
窮,extrêmement
窮,indigent
窮,fauché
窮,souffrir
窮,perplexe
窮,acculé
級,classe
級,rang
級,grade
級,niveau
糾,entortiller
糾,demander
糾,enquêter
糾,vérifier
給,salaire
給,paye
給,cadeau
給,allocation
給,subventions
給,accorder
給,"conférer à"
旧,"ancien temps"
旧,"anciennes choses"
旧,"ancien ami"
旧,"ancien -"
旧,ex-
牛,vache
去,parti
去,passé
去,quitter
去,s'écouler
去,éliminer
去,divorce
居,"se trouver"
居,résider
居,être
居,exister
居,"vivre avec"
巨,gigantesque
巨,grand
巨,gros
拒,refuser
拒,repousser
拒,rejeter
拒,décliner
拠,"point d'appui"
拠,prise
拠,"basé sur"
拠,suivre
拠,"par conséquent"
挙,"faire monter"
挙,plan
挙,projet
挙,conduite
挙,actions
虚,vide
虚,impréparation
虚,craquelure
虚,fissure
虚,contre-vérité
許,autorisation
許,permettre
許,seulement
距,"longue distance"
距,"éperon (botanique)"
距,"fanon (de cheval)"
漁,"pêcher (en masse)"
漁,pêcherie
魚,poisson
享,recevoir
享,accepter
享,"répondre (téléphone)"
享,prendre
享,obtenir
京,capitale
京,10**16
供,présenter
供,offrir
供,soumettre
供,proposer
供,accompagner
供,"servir (plat)"
供,"pluriel cérémonieux"
競,compétition
競,rivaliser
競,enchère
競,"vente aux enchères"
競,combat
競,concours
競,course
共,ensemble
共,"les deux"
共,"ni l'un ni l'autre"
共,tous
共,et
共,semblable
共,avec
凶,vaurien
凶,mauvais
凶,malchance
凶,désastre
協,coopération
協,co-
叫,crier
叫,hurler
叫,s'exclamer
境,frontière
境,région
境,environnement
峡,gorge
峡,ravin
峡,"vallée étroite"
強,fort
恐,peur
恐,épouvante
恐,crainte
恭,respectueux
挟,pincer
挟,"entre deux"
教,enseigner
教,foi
教,doctrine
橋,pont
況,situation
況,condition
況,"encore moins"
況,"encore plus"
況,"à plus forte raison"
狂,fou
狂,aliéné
狂,insensé
狂,confusion
狭,étroit
狭,exigu
狭,serré
狭,"se contracter"
矯,rectifier
矯,redresser
矯,corriger
矯,réformer
矯,guérir
矯,contrôler
矯,"faire semblant"
矯,falsifier
胸,poitrine
胸,seins
胸,coeur
胸,sentiments
脅,menacer
脅,contraindre
興,intérêt
興,divertir
興,ranimer
興,"rétablir (fortune)"
興,plaisir
興,prospérer
郷,"village natal"
郷,village
郷,"lieu de naissance"
郷,région
鏡,miroir
鏡,-scope
鏡,"tonneau (saké)"
鏡,"gâteau de riz de Nouvel an"
響,résonner
響,écho
響,son
響,sonner
響,vibrer
驚,étonnement
驚,surpris
驚,effrayé
驚,stupéfié
仰,"regarder en l'air"
仰,"dire (humble)"
仰,dépendre
仰,chercher
仰,respecter
仰,révérer
仰,boire
仰,"prendre (nourriture)"
凝,congeler
凝,geler
凝,rigide
凝,"être absorbé"
凝,coagulation
暁,"point du jour"
暁,aube
暁,"au cas où"
業,activité
業,vocation
業,arts
業,représentation
業,karma
局,local
局,pièce
局,bureau
局,affaire
局,conclusion
局,"dame de cour"
局,"dame d'honneur"
局,"son appartement à elle"
曲,courber
曲,musique
曲,mélodie
曲,composition
曲,plaisir
曲,injustice
曲,faute
曲,malhonnête
曲,pervers
曲,pencher
極,extrêmes
極,"pôles (N et S)"
極,décision
極,conclusion
極,fin
極,"plus haut rang"
極,"pôles électriques"
極,très
極,extrêmement
極,"le plus"
極,hautement
極,10**48
玉,bijoux
玉,balle
玉,boule
桐,paulownia
勤,assiduité
勤,application
勤,travailler
勤,"être employé"
均,nivelé
均,égalisé
均,moyenne
錦,brocart
錦,"belle robe"
錦,honneurs
斤,hache
斤,"kin = 1/160 monme = 600 grammes"
斤,rosse
斤,"compteur de pains"
琴,koto
琴,harpe
禁,interdiction
禁,"défense de"
筋,muscle
筋,tendon
筋,fibre
筋,veine
筋,intrigue
筋,lignée
筋,raison
緊,tendu
緊,solide
緊,dur
緊,fiable
緊,serré
菌,"germe (microbien)"
菌,champignon
菌,bactérie
襟,nuque
襟,col
襟,revers
謹,révérencieusement
謹,humblement
謹,discret
近,près
近,tôt
近,proche
近,"équivalent à"
金,or
吟,versifier
吟,réciter
吟,récital
吟,chant
銀,argent
九,neuf
句,phrase
句,clause
句,paragraphe
句,passage
句,"compteur de haïku"
区,circonscription
区,arrondissement
苦,souffrir
苦,peine
苦,affliction
苦,souci
苦,amer
苦,renfrogné
駆,conduire
駆,courir
駆,galoper
駆,aiguillonner
駆,"pousser à"
駒,poulain
駒,cheval
駒,poney
具,outils
具,ustensiles
具,moyens
具,ingrédients
具,possession
具,"compteur d'armures, costumes, meubles"
具,minutieusement
愚,stupide
愚,absurdité
愚,idiot
愚,bête
虞,crainte
虞,peur
虞,anxiété
虞,inquiétude
空,vide
空,ciel
空,vacant
空,creux
偶,"par hasard"
偶,"nombre pair"
偶,couple
偶,"homme et femme"
偶,"même espèce"
遇,entrevue
遇,traiter
遇,rencontrer
遇,distraire
遇,recevoir
隅,coin
隅,recoin
串,brochette
串,broche
屈,céder
屈,"se courber"
屈,fléchir
屈,soumission
掘,creuser
掘,fouiller
掘,déterrer
窟,grotte
窟,caverne
沓,soulier
沓,botte
靴,chaussure
窪,dépression
窪,s'effondrer
窪,s'enfoncer
窪,"se creuser"
熊,ours
栗,châtaigne
繰,embobiner
繰,bobine
繰,"faire tourner"
繰,"tourner (pages)"
繰,feuilleter
繰,"parler de"
桑,mûrier
勲,mérite
勲,"haut fait"
勲,"fait méritoire"
君,"jeune homme"
君,tu
君,"suffixe de nom (-kun)"
薫,parfumer
薫,parfumé
薫,odorant
薫,fumée
訓,instructions
訓,"lecture japonaise"
訓,explication
訓,lire
群,troupeau
群,groupe
群,foule
群,essaim
軍,armée
軍,forces
軍,troupes
軍,guerriers
軍,bataille
郡,comté
郡,arrondissement
係,"chargé de"
係,liaison
係,devoir
係,"s'occuper de"
傾,incliner
傾,pencher
傾,tendance
傾,déclin
傾,sombrer
傾,ruiner
傾,"gîte (bateau)"
刑,peine
刑,sanction
刑,condamnation
刑,punition
兄,"frère aîné"
兄,"grand frère"
啓,révéler
啓,ouvrir
啓,dire
圭,"joyau carré"
圭,angle
圭,coin
型,moule
型,modèle
型,type
契,engagement
契,promesse
契,voeux
形,forme
形,style
径,diamètre
径,chemin
径,méthode
恵,"bénéficier de"
恵,"faveur divine"
恵,grâce
恵,gentillesse
慶,jubiler
慶,"se réjouir"
慶,féliciter
慶,"être heureux"
憩,vacances
憩,repos
憩,détente
憩,relaxation
掲,afficher
掲,"hisser (drapeau)"
掲,insertion
掲,"cité (ci-dessus)"
掲,"faire paraître"
掲,publier
掲,décrire
携,portatif
携,"porter en main"
携,"armé (d'un ..)"
携,amener
敬,respect
敬,déférence
敬,honorer
敬,révérer
景,paysage
景,vue
桂,"gainier japonais"
桂,"arbre de Judée japonais"
渓,torrent
渓,gorge
渓,"vallée étroite"
系,lignée
系,système
経,sûtra
経,longitude
経,"passer (temps)"
経,expiré
経,expérimenter
経,"chaîne (tissu)"
継,hériter
継,succession
継,relais
継,rapiécer
継,"greffe (arbre)"
茎,tige
茎,queue
蛍,"ver luisant"
蛍,luciole
計,planifier
計,projeter
計,calcul
計,mesure
警,réprimander
警,avertissement
警,commandement
軽,léger
軽,insignifiant
軽,"sans importance"
鶏,poule
芸,art
芸,technique
芸,métier
芸,interprétation
芸,tour
芸,cascade
迎,accueil
迎,rencontrer
迎,saluer
鯨,baleine
劇,théâtre
劇,"pièce (théâtre)"
撃,battre
撃,attaquer
撃,vaincre
撃,conquérir
激,violent
激,s'exciter
激,enragé
激,s'énerver
激,inciter
傑,grandeur
傑,excellence
欠,manquer
欠,lacune
欠,rater
欠,"radical bâillement (no. 76)"
決,décider
決,fixer
決,"se mettre d'accord"
決,arrangement
潔,viril
潔,immaculé
潔,pur
潔,clair
潔,droit
潔,brave
穴,trou
穴,orifice
穴,fente
穴,grotte
穴,tanière
結,nouer
結,lier
結,joindre
結,contrat
結,attacher
結,"se coiffer"
結,organiser
血,sang
月,lune
月,mois
件,affaire
件,cas
件,matière
件,article
倹,austère
倹,frugal
倹,économe
健,santé
健,sain
健,"bien portant"
健,force
健,persistance
兼,simultanément
兼,et
兼,cumuler
券,ticket
券,coupon
剣,sabre
剣,épée
剣,lame
剣,"aiguille de montre"
圏,sphère
圏,domaine
圏,bloc
圏,orbite
圏,rayon
圏,zone
堅,tenace
堅,dur
堅,strict
堅,solide
堅,ferme
堅,fiable
嫌,aversion
嫌,détester
嫌,haïr
建,construire
憲,constitution
憲,loi
懸,suspendre
懸,pendre
懸,10%
懸,installer
懸,dépendre
懸,consulter
検,examen
検,inspection
権,pouvoir
権,autorité
権,droits
犬,chien
献,don
献,offrande
献,"faire cadeau"
献,offrir
献,"compteur de boissons"
研,polir
研,étudier
研,aiguiser
絹,soie
県,préfecture
県,département
肩,épaule
見,regarder
見,voir
見,visible
見,espoirs
見,chances
見,idée
見,opinion
謙,modestie
謙,humilité
謙,condescendre
賢,intelligent
賢,sage
賢,sagesse
軒,gouttière
軒,auvent
軒,"compteur de maisons"
遣,expédier
遣,envoyer
遣,donner
遣,faire
遣,entreprendre
険,"à pic"
険,escarpé
険,raide
険,"lieu inaccessible"
険,"position imprenable"
険,"regard aiguisé"
顕,apparaître
顕,existant
験,vérification
験,examen
験,effet
元,commencement
元,origine
元,"ancien temps"
原,pré
原,prairie
原,champ
原,original
原,primitif
原,toundra
原,"désert (étendue sauvage)"
厳,strict
厳,sévère
厳,rigide
幻,chimère
幻,fantôme
幻,fantasme
幻,vision
幻,rêve
幻,illusion
幻,apparition
弦,"corde d'arc"
弦,corde
弦,hypoténuse
減,diminuer
減,réduire
減,décliner
減,décroître
減,"avoir faim"
源,source
源,origine
玄,mystérieux
玄,occulte
玄,sombre
現,"le présent"
現,existant
現,actuel
現,montrer
言,dire
限,limite
限,limiter
限,restreindre
限,"autant que possible"
個,individuel
個,privé
個,"compteur d'articles"
個,"compteur d'unités militaires"
古,vieux
呼,appeler
呼,inviter
固,solide
固,durcir
固,résolu
固,coaguler
固,cailler
孤,orphelin
孤,seul
己,soi
己,serpent
己,"signe du 6è tronc céleste"
庫,entrepôt
庫,stock
庫,magasin
弧,"arc de cercle"
弧,arc
弧,arche
戸,porte
戸,"compteur de maisons"
戸,"radical porte (no 63)"
故,coïncidence
故,spécialement
故,intentionnellement
故,raison
故,cause
故,circonstances
故,destin
故,"feu ... (défunt)"
故,"c'est pour ça que..."
枯,dépérir
枯,mourir
枯,"se faner"
枯,"sec (bois)"
湖,lac
虎,tigre
虎,ivrogne
誇,vantardise
誇,orgueil
誇,fierté
誇,triomphant
雇,employer
雇,embaucher
顧,considération
顧,conseiller
顧,revoir
顧,reconsidérer
顧,retourner
鼓,tambour
鼓,battement
鼓,encourager
鼓,"appel (armée)"
五,cinq
互,mutuel
互,réciproque
互,ensemble
午,midi
午,"signe de la 7ème branche terrestre"
午,"signe du Cheval (zodiaque)"
午,"11 h à 13 h"
午,"Sud (180°)"
呉,"tu me donnes"
呉,"faire pour moi"
吾,moi
吾,mon
吾,notre
吾,"son propre"
娯,divertissement
娯,distraction
後,après
後,derrière
後,"plus tard"
御,honorable
御,diriger
御,contrôler
悟,illumination
悟,Eveil
悟,percevoir
悟,discerner
悟,réaliser
悟,comprendre
碁,Go
語,langage
語,mot
語,raconter
誤,erreur
誤,faute
誤,"mal faire"
誤,"induire en erreur"
護,protection
護,garde
乞,mendier
乞,demander
乞,"inviter à"
鯉,carpe
交,mélanger
交,échanges
交,association
交,mêler
交,"aller et venir"
侯,marquis
侯,seigneur
侯,daimyo
候,climat
候,temps
候,saison
光,rayon
光,lumière
公,public
公,prince
公,officiel
公,gouvernemental
功,réussite
功,réalisation
功,succès
功,mérite
功,honneur
功,crédit
効,efficacité
効,bénéfique
効,mérite
厚,épais
厚,lourd
厚,cordial
厚,chaleureux
厚,gentil
厚,effronté
厚,éhonté
口,bouche
向,"se diriger vers"
向,direction
向,"en face"
向,"de l'autre côté"
向,éloigné
向,confronter
向,défier
向,approcher
向,"avoir tendance"
后,impératrice
后,reine
后,après
后,derrière
后,arrière
后,"plus tard"
坑,mine
坑,fosse
坑,trou
垢,crasse
垢,saleté
垢,cérumen
好,"aimer bien"
好,apprécié
好,agréable
孔,cavité
孔,trou
孔,fente
孔,très
孔,grand
孔,extrêmement
孝,"piété filiale"
孝,"respect des anciens"
工,ingénierie
工,industrie
工,construction
工,"radical katakana E (no. 48)"
巧,adroit
巧,habile
巧,ingénieux
幸,joie
幸,bénédiction
幸,fortune
広,vaste
広,large
広,spacieux
康,tranquille
康,paisible
弘,vaste
弘,spacieux
弘,grand
恒,constance
恒,toujours
慌,déconcerté
慌,confus
慌,précipité
慌,écervelé
抗,"s'opposer à"
抗,confrontation
抗,résister
抗,contester
抗,"nier (évidence)"
抗,anti-
拘,arrestation
拘,saisir
拘,adhérer
拘,"être concerné"
拘,malgré
控,"se retenir"
控,s'abstenir
控,"se retirer"
控,réservé
控,modéré
攻,agression
攻,attaque
更,"se faire tard"
更,veiller
更,"de plus"
更,"bien sûr"
校,école
校,examen
校,impression
校,épreuve
校,correction
構,structure
構,concerné
構,préoccupé
構,construire
構,position
江,baie
江,crique
江,anse
江,rivière
洪,inondation
洪,déluge
洪,vaste
港,port
溝,rigole
溝,fossé
溝,égout
溝,10**32
甲,armure
甲,carapace
甲,"haute (voix)"
甲,"premier ordre"
甲,"première classe"
甲,ancien
甲,cou-de-pied
甲,"signe du 1er tronc céleste"
皇,empereur
硬,dur
硬,raide
稿,brouillon
稿,copie
稿,manuscrit
稿,paille
紅,cramoisi
紅,"rouge foncé"
絞,étrangler
絞,serrer
絞,tordre
綱,haussière
綱,"classe (genre)"
綱,corde
綱,câble
耕,labourer
耕,cultiver
考,réfléchir
考,considérer
肯,accord
肯,consentement
肯,"se conformer à"
肯,affirmatif
航,naviguer
航,"faire voile"
航,"croiser (voile)"
航,voler
荒,brutalité
荒,dévaster
荒,rude
荒,sauvage
行,aller
行,voyage
衡,équilibre
衡,balance
講,"cours magistral"
講,club
講,association
貢,tribut
貢,contribution
貢,financer
購,acquisition
購,acheter
購,souscrire
購,s'abonner
郊,périphérie
郊,banlieue
郊,"zone rurale"
酵,fermentation
鉱,minéral
鉱,minerai
鋼,acier
降,descendre
降,pleuvoir
降,précipiter
降,tomber
降,"se rendre"
項,paragraphe
項,clause
項,nuque
項,"article (item)"
項,"terme (expression)"
香,senteur
香,encens
香,parfum
高,haut
高,élevé
高,grand
高,cher
剛,fermeté
剛,vigoureux
剛,force
号,surnom
号,numéro
号,article
号,titre
号,pseudonyme
号,nom
号,appel
合,correspondre
合,convenir
合,joindre
合,"go (0,18 l ou 0,33 m)"
拷,torture
拷,tabasser
豪,écrasant
豪,grand
豪,puissant
豪,éminent
豪,Australie
克,surmonter
克,aimable
克,habile
刻,graver
刻,découper
刻,émincer
刻,hacher
刻,moment
刻,gravure
告,révélation
告,dire
告,informer
告,annoncer
国,pays
穀,céréale
穀,grains
酷,cruel
酷,atroce
酷,sévère
酷,injuste
黒,noir
獄,prison
腰,reins
腰,hanche
腰,taille
腰,"lambris à hauteur de taille"
骨,os
骨,squelette
骨,restes
骨,charpente
込,encombré
込,mélange
込,"en gros"
込,inclus
込,(kokuji)
此,ici
此,celui-ci
此,courant
此,prochain
此,"à venir"
此,dernier
此,passé
頃,temps
頃,époque
頃,environ
頃,vers
今,maintenant
困,embarras
困,affligé
困,ennuyé
墾,défrichage
婚,mariage
恨,ressentiment
恨,regret
恨,rancune
恨,méchanceté
恨,haine
懇,sociable
懇,gentil
懇,courtois
懇,hospitalier
懇,cordial
昆,descendant
昆,"frère ainé"
昆,insecte
根,racine
根,radical
根,"point noir (acné)"
混,mélanger
混,confusion
紺,"bleu marine"
魂,âme
魂,esprit
佐,assistant
佐,aide
唆,inciter
唆,tenter
唆,promouvoir
左,gauche
差,différence
差,"distinction (entre)"
差,variation
差,divergence
差,marge
差,balance
査,investigation
砂,sable
詐,mentir
詐,fausseté
詐,fraude
詐,tromper
詐,duper
詐,feindre
鎖,chaîne
鎖,fers
鎖,liens
座,s'accroupir
座,s'asseoir
座,siège
座,coussin
座,rassemblement
座,théâtre
座,constellation
債,dette
債,prêt
債,titre
催,mécène
催,"tenir (un meeting)"
催,"donner (un dîner)"
催,"prendre en charge"
再,"encore une fois"
再,"deux fois"
再,"une deuxième fois"
最,"le plus"
最,ultra-
最,extrême
妻,épouse
妻,femme
宰,directeur
宰,diriger
宰,superviseur
宰,"premier ministre"
彩,colorer
彩,peindre
彩,maquillage
才,génie
才,"""(x) ans"" (âge)"
才,"shaku cubique (18,04 ml)"
採,cueillir
採,prendre
採,"aller chercher"
栽,plantation
栽,cultiver
栽,élever
歳,"fin d'année"
歳,âge
歳,"compteur d'années"
歳,occasion
歳,opportunité
済,achever
済,finir
済,excusable
済,"s'en sortir sans"
災,désastre
災,catastrophe
災,calamité
災,malheur
砕,fracasser
砕,casser
砕,briser
砕,"familier (informel)"
砕,populaire
祭,rituel
祭,fête
祭,prières
祭,célébration
祭,déifier
祭,enchâsser
祭,adoration
斎,purification
斎,"nourriture bouddhiste"
斎,pièce
斎,adorer
斎,éviter
斎,semblable
細,menu
細,"long et fin"
細,délicat
細,mince
細,fluet
細,étroit
菜,légume
菜,"accompagnement (du riz)"
裁,tailleur
裁,juge
裁,tribunal
裁,décision
裁,"tailler (un vêtement)"
載,charger
載,embarquer
載,"monter dans"
載,placer
載,étaler
載,10**44
際,occasion
際,côté
際,accotement
際,bord
際,dangereux
際,aventureux
際,indécent
際,temps
際,quand
剤,dose
剤,médicament
剤,drogue
剤,"produit pour..."
在,exister
在,banlieue
在,"situé à"
材,matériaux
材,ingrédients
材,"bois de charpente"
材,"bille de bois"
材,bûche
材,talent
罪,culpabilité
罪,péché
罪,crime
罪,faute
罪,responsabilité
罪,délit
財,propriété
財,argent
財,fortune
財,actifs
坂,pente
坂,incliner
坂,colline
阪,coteaux
阪,pente
肴,amuse-gueule
咲,fleurir
咲,floraison
崎,promontoire
崎,cap
崎,pointe
埼,cap
埼,promontoire
埼,pointe
作,fabriquer
作,produire
作,construire
作,préparer
削,raboter
削,tailler
削,affiler
削,réduire
削,parer
削,supprimer
搾,presser
昨,hier
昨,précédent
昨,"~ dernière"
策,moyen
策,plan
策,stratégie
策,politique
策,projet
策,mesures
索,câble
索,corde
索,"chercher (index)"
錯,embrouillé
錯,confus
錯,complexe
錯,mélange
桜,"cerisier du Japon"
笹,"pousse de bambou"
冊,tome
冊,volume
冊,"compteur de livres"
刷,imprimer
刷,impression
察,deviner
察,présumer
察,supposer
察,juger
察,comprendre
撮,photographier
擦,abrasion
擦,gratter
擦,frotter
擦,râper
擦,racler
擦,irriter
擦,récurer
札,étiquette
札,"billet de banque"
札,"compteur d'obligations"
札,affiche
札,offre
殺,tuer
殺,meurtre
殺,massacrer
殺,abattre
殺,trancher
殺,fendre
殺,diminuer
殺,réduire
殺,gâcher
雑,divers
皿,assiette
皿,plat
皿,portion
三,trois
傘,parapluie
参,dérouté
参,déconcerté
参,"trois (III)"
参,aller
参,venir
参,visiter
参,"être battu"
参,mourir
参,"follement amoureux"
山,montagne
惨,choquant
惨,misérable
惨,désastre
惨,cruauté
惨,rude
散,disperser
散,éparpiller
散,dépenser
散,gaspiller
桟,échafaudage
桟,traverse
桟,"cadre (shoji)"
桟,jetée
桟,quai
桟,pont
桟,verrou
産,production
産,"porter (fruits)"
産,"donner naissance"
産,produire
産,natal
産,propriété
算,calculer
算,prédire
算,nombre
算,"abaque (boulier)"
算,probabilité
蚕,"ver à soie"
賛,approuver
賛,accord
賛,louanges
賛,assister
賛,"inscription sur une peinture"
酸,acide
酸,aigre
酸,amer
酸,"sur (goût)"
暫,"un certain temps"
暫,temporaire
暫,"un moment"
暫,"depuis longtemps"
残,reste
残,"solde (compte)"
仕,servir
仕,faire
仕,officiel
伺,"visiter (hon)"
伺,"présenter ses respects"
伺,demander
伺,s'informer
伺,questionner
伺,implorer
使,utiliser
刺,piquer
刺,coudre
刺,enfoncer
刺,percer
刺,tailler
刺,épine
刺,"carte de visite"
司,directeur
司,fonctionnaire
司,"bureau administratif"
司,gouverner
司,administrer
史,histoire
史,chronique
嗣,héritier
嗣,succéder
四,quatre
士,gentilhomme
士,samouraï
士,"radical samouraï (no. 33)"
始,commencer
始,débuter
姉,"soeur aînée"
姿,silhouette
姿,forme
姿,aspect
子,enfant
子,"signe de la 1ère branche terrestre"
子,"signe du Rat (zodiaque)"
子,"23 h à 01 h"
子,"Nord (0°)"
市,marché
市,ville
市,cité
師,maître
師,expert
師,professeur
師,exemplaire
師,modèle
師,armée
師,guerre
志,dessein
志,intention
志,plan
志,motif
志,"aspirer à"
志,résolution
志,espoirs
志,shilling
思,penser
指,doigt
指,désigner
指,indiquer
指,"jouer (échecs)"
指,"mesure (règle, mètre)"
支,soutien
支,support
支,branche
支,filiale
支,succursale
支,"radical branche (no. 65)"
施,donner
施,aumône
施,"poser des bandages"
施,"administrer 1ers secours"
旨,délicieux
旨,"très bien"
旨,savoureux
旨,"avoir un penchant pour"
旨,portée
旨,volonté
旨,intelligent
旨,expert
枝,branche
枝,rameau
枝,brindille
枝,"compteur de branches"
止,arrêter
止,cesser
死,mort
死,mourir
氏,"nom de famille"
氏,nom
氏,clan
氏,Monsieur
祉,bien-être
祉,bonheur
私,privé
私,je
私,moi
糸,fil
紙,papier
紫,violet
肢,membre
肢,"bras et jambes"
脂,gras
脂,graisse
脂,suif
脂,lard
脂,résine
脂,gomme
脂,goudron
至,aboutissement
至,paroxysme
至,solstice
至,atteindre
至,"arriver à"
至,direction
至,résultat
視,inspection
視,"point de vue"
視,voir
視,regarder
詞,"partie du discours"
詞,mots
詞,poésie
詩,poème
詩,poésie
試,test
試,essai
試,tentative
試,expérience
試,épreuve
誌,document
誌,dossier
諮,consulter
資,"capital (argent)"
資,fonds
資,actifs
資,ressources
資,données
資,"favorable à"
資,"contribuer à"
賜,gratifier
賜,"bourse (subvention)"
賜,cadeau
賜,faveur
賜,résultats
雌,femelle
飼,domestiquer
飼,élever
飼,garder
飼,nourrir
歯,dent
歯,"dentée (roue)"
歯,"crémaillère (rail)"
事,fait
事,chose
事,matière
事,affaire
事,raison
事,peut-être
似,ressembler
似,devenir
似,contrefaire
似,imiter
似,approprié
侍,serviteur
侍,samouraï
侍,servir
児,nouveau-né
児,enfant
児,"petit d'animal"
字,caractère
字,lettre
字,mot
字,hameau
寺,"temple bouddhiste"
慈,miséricorde
慈,pitié
慈,affection
持,avoir
持,tenir
時,temps
時,heure
次,suivant
次,ordre
次,successivement
滋,nourrissant
滋,"de plus en plus"
滋,luxuriant
滋,plantation
滋,turbidité
治,règne
治,"être en paix"
治,"se calmer"
治,maîtriser
治,réprimer
治,gouvernement
治,guérir
治,réparer
治,préserver
璽,"sceau impérial"
磁,aimant
磁,porcelaine
示,montrer
示,indiquer
示,signaler
示,exprimer
示,exposer
耳,oreille
自,soi-même
辞,démission
辞,mot
辞,terme
辞,expression
汐,soirée
汐,marée
汐,"eau salée"
汐,opportunité
鹿,cerf
式,type
式,protocole
式,cérémonie
式,rituel
式,fonction
式,processus
式,système
式,forme
識,discernement
識,connaissance
識,écrire
軸,axe
軸,pivot
軸,tige
軸,"compteur de livres en rouleaux"
七,sept
執,"prendre en charge"
執,saisir
執,ténacité
執,"prendre à coeur"
失,perdre
失,erreur
失,faute
失,désavantage
室,pièce
室,appartement
室,chambre
室,serre
室,cave
湿,moite
湿,humide
湿,mouillé
漆,laque
漆,vernis
漆,"sept (shichi)"
疾,rapide
疾,maladie
質,substance
質,matière
質,qualité
質,tempérament
実,réalité
実,vérité
偲,"évoquer le souvenir"
偲,"se rappeler"
偲,"se souvenir"
芝,pelouse
芝,gazon
舎,chaumière
舎,hutte
舎,auberge
舎,maison
舎,résidence
写,copie
写,"être photographié"
写,décrire
射,"lancer une flèche"
射,"tir à l'arc"
射,sur
射,briller
捨,jeter
捨,"mettre au rebut"
捨,abandonner
捨,démissionner
捨,rejet
捨,sacrifice
赦,pardon
斜,penché
斜,diagonale
斜,oblique
煮,mijoter
煮,bouillir
煮,cuire
社,"temple shinto"
社,compagnie
社,firme
社,bureau
社,association
者,personne
者,quelqu'un
謝,excuses
謝,remerciements
謝,refus
車,véhicule
車,voiture
遮,intercepter
遮,interrompre
遮,obstruer
蛇,serpent
蛇,"gros buveur"
邪,sournois
邪,dépravé
邪,pervers
邪,mauvais
借,emprunter
借,louer
勺,louche
勺,"shaku = un dixième de go = 18 ml"
尺,"shaku (30,303 cm)"
尺,mesure
尺,échelle
尺,règle
爵,baron
爵,pairie
爵,"rang à la cour"
酌,"servir à boire"
酌,hôte
酌,"tirer (de l'eau)"
酌,louche
酌,pompe
釈,explication
釈,justification
若,jeune
若,si
若,peut-être
若,"ou bien"
若,"petit nombre"
若,inexpérimenté
若,immature
寂,solitude
寂,tranquillement
寂,mûr
寂,patiné
寂,"mort d'un prêtre"
弱,faible
弱,fragile
主,maître
主,seigneur
主,chef
主,principal
主,propriétaire
主,mari
取,prendre
取,"aller chercher"
守,garder
守,protéger
守,défendre
守,obéir
守,"respect (des règles)"
手,main
朱,vermillon
朱,rouge
朱,écarlate
朱,sanglant
殊,particulièrement
殊,spécialement
殊,exceptionnellement
狩,chasse
狩,poursuivre
狩,ramasser
珠,perle
珠,gemme
珠,joyau
種,espèce
種,classe
種,sorte
種,variété
種,graine
趣,teneur
趣,fond
趣,aspect
趣,apparence
趣,sens
趣,tendance
趣,devenir
酒,saké
酒,alcool
首,cou
首,"compteur de chansons ou poèmes"
儒,confucéen
受,subir
受,recevoir
受,accepter
受,"répondre (téléphone)"
受,prendre
受,obtenir
寿,longévité
寿,félicitations
寿,vie
授,accorder
授,conférer
授,attribuer
授,enseigner
樹,grume
樹,bois
需,demande
需,requête
需,besoin
囚,capturer
囚,criminel
囚,arrêter
囚,attraper
囚,prison
収,fournir
収,obtenir
収,payer
収,récolter
収,revenu
収,réserve
周,circonférence
周,tour
周,alentours
宗,religion
宗,secte
宗,confession
宗,"point principal"
宗,origine
宗,essence
就,concernant
就,s'installer
就,"prendre place"
就,"prendre un poste"
就,"adhérer à"
就,"se rendre à"
就,étudier
就,par
州,province
州,état
修,discipline
修,"bien se conduire"
修,étudier
修,maîtriser
愁,détresse
愁,tristesse
愁,plainte
愁,lamentation
愁,"être anxieux"
拾,ramasser
拾,cueillir
拾,trouver
拾,"aller à pied"
拾,"10 (X)"
秀,excellence
秀,exceller
秀,beauté
秀,dépasser
秋,automne
終,finir
終,fin
習,apprendre
臭,"sentir mauvais"
臭,malodorant
臭,odeur
臭,saveur
臭,parfum
臭,puer
臭,"aspect louche"
臭,brillant
舟,bateau
舟,vaisseau
衆,foule
衆,"grand nombre"
衆,multitude
衆,peuple
襲,attaquer
襲,assaillir
襲,agresser
襲,hériter
襲,accumuler
週,semaine
酬,rembourser
酬,récompense
酬,rémunération
集,rassembler
集,réunir
集,collection
集,grouiller
集,attroupement
醜,laid
醜,malpropre
醜,hideux
醜,honteux
住,résider
住,vivre
住,habiter
充,attribuer
充,affecter
充,répartir
充,"être plein"
十,dix
従,accompagner
従,obéir
従,"se soumettre à"
従,"se conformer à"
従,suivre
従,s'ensuivre
従,secondaire
従,accessoire
従,subordonné
柔,tendre
柔,faiblesse
柔,douceur
汁,soupe
汁,jus
汁,bouillon
汁,sève
汁,pus
渋,astringent
渋,hésiter
渋,rechigner
渋,diarrhée
渋,chic
獣,bête
獣,animal
縦,vertical
縦,longueur
縦,hauteur
縦,égoïste
縦,entêté
重,lourd
重,empiler
重,entasser
重,s'emboîter
重,"- couches"
銃,fusil
銃,armes
叔,oncle
叔,tante
叔,"frère ou soeur cadets des parents"
宿,auberge
宿,logement
宿,séjourner
宿,"relais (de poste, station)"
宿,"porter en soi (virus, enfant)"
宿,"être enceinte"
宿,habiter
宿,habitation
淑,gracieux
淑,doux
淑,pur
祝,célébrer
祝,féliciter
縮,rétrécir
縮,contracter
縮,raccourcir
縮,friser
縮,réduire
粛,solennellement
粛,tranquillement
粛,doucement
塾,"cours du soir"
塾,"école privée"
熟,mûrir
熟,maturité
熟,"acquérir des capacités"
出,sortir
出,quitter
出,présence
術,technique
術,art
術,moyens
術,tour
術,ressources
術,magie
述,mentionner
述,déclarer
述,parler
述,raconter
俊,sagacité
俊,génie
俊,excellence
俊,avisé
春,printemps
瞬,cligner
瞬,"pétiller (yeux)"
准,presque
准,semi-
准,associé
循,cycle
循,circulation
循,camarade
旬,décade
旬,"saison (fruits, poisson, ...)"
殉,martyre
殉,"se sacrifier"
殉,"suivre dans la mort"
準,demi-
準,"correspondre à"
準,"proportionnel à"
準,"se conformer à"
準,standard
潤,mouillé
潤,"être arrosé"
潤,profit
潤,bénéfice
潤,favoriser
潤,charmer
潤,tremper
盾,bouclier
盾,écu
盾,prétexte
純,authentique
純,pureté
純,innocence
純,"net (bénéfice)"
巡,patrouille
巡,"faire le tour"
巡,pèlerinage
巡,circonférence
遵,"se conformer"
遵,suivre
遵,obéir
遵,apprendre
順,obéir
順,"ordre (tour)"
順,juste
順,docilité
順,occasion
処,traiter
処,"se débarrasser"
処,sentence
処,condamner
処,agir
処,"se comporter"
処,vierge
処,lieu
初,"première fois"
初,commencement
所,lieu
暑,chaud
暑,torride
暑,"temps lourd"
暑,"chaleur d'été"
渚,rivage
渚,plage
渚,grève
庶,peuple
庶,roturier
庶,tout
庶,bâtard
緒,bout
緒,début
緒,fin
緒,lanière
緒,corde
緒,sangle
署,signature
署,"commissariat de police"
署,"bureau (administration)"
署,"autorités publiques"
書,écrire
諸,multiples
諸,plusieurs
諸,différents
諸,divers
諸,ensemble
助,aider
助,secourir
助,assister
叙,conférer
叙,relater
叙,raconter
叙,décrire
女,femme
女,féminin
序,début
序,préface
序,ordre
序,priorité
序,occasion
序,avant
序,"en passant"
徐,lentement
徐,"petit à petit"
徐,posément
徐,doucement
除,exclure
除,"division (opération)"
除,enlever
除,abolir
除,annuler
傷,blessure
傷,"faire mal"
傷,abîmer
傷,douleur
傷,entaille
傷,cicatrice
傷,"point faible"
償,compensation
償,réparation
償,indemnisation
償,"se racheter"
償,récompense
勝,victoire
勝,gagner
勝,l'emporter
勝,surpasser
匠,artisan
匠,ouvrier
匠,charpentier
升,"boîte mesure (1,8 litre)"
升,boîte
升,"cellule (sur une grille)"
召,"faire venir à soi"
召,appeler
召,inviter
召,"prendre (bain)"
召,"porter (vêtements)"
召,acheter
召,conduire
召,boire
召,manger
召,"attraper (froid)"
商,commerce
商,affaire
商,vente
商,distributeur
商,marchand
唱,chant
唱,choeur
唱,réciter
唱,invoquer
唱,hurlement
奨,exhorter
奨,encourager
奨,"pousser à"
妾,concubine
宵,"heures tardives"
宵,soirée
宵,"début de nuit"
将,dirigeant
将,commandant
将,général
将,amiral
将,ou
将,"l'un après l'autre"
将,bientôt
将,"à partir de maintenant"
将,"à peu près"
小,petit
少,"un petit peu"
少,"un peu"
尚,"de plus"
尚,"en outre"
尚,encore
尚,respecter
尚,vénérer
床,plancher
床,lit
床,rembourrage
床,tatami
床,"compteur de lits"
彰,patent
彰,clair
承,consentir
承,entendre
承,écouter
承,"être informé"
承,recevoir
抄,extraire
抄,sélection
抄,résumé
抄,copie
抄,"fabriquer (du papier)"
招,inviter
招,"faire signe"
招,appeler
招,"éveiller (attention)"
掌,paume
掌,manipuler
掌,administrer
掌,diriger
掌,gouverner
昇,s'élever
昌,prospère
昌,brillant
昌,clair
昭,briller
晶,étinceler
晶,cristal
晶,clair
松,pin
梢,"cime des arbres"
梢,ramilles
沼,marais
沼,lac
沼,marécage
沼,mare
沼,étang
消,éteindre
消,effacer
消,disparaître
消,neutraliser
消,annuler
渉,gué
渉,bac
渉,traverser
渉,port
焼,griller
焼,brûler
焦,carboniser
焦,roussir
焦,brûler
焦,impatient
焦,pressé
焦,"foyer (lentille)"
照,illuminer
照,briller
照,comparer
照,timide
症,symptôme
症,maladie
省,"faire le point (introspection)"
省,abréviation
省,omission
省,économie
省,ministère
省,éliminer
硝,nitrate
硝,salpêtre
礁,récif
礁,écueil
祥,"bon présage"
祥,prometteur
祥,bonheur
称,appellation
称,louanges
称,admirer
称,nom
称,titre
称,renommée
章,badge
章,"clairement visible"
章,composition
章,poème
章,chapitre
章,dessin
笑,rire
粧,cosmétique
粧,"se maquiller"
紹,présentations
紹,introduction
紹,hériter
紹,aider
肖,ressemblance
肖,portrait
衝,collision
衝,choc
衝,"route principale"
衝,"opposition (astronomie)"
衝,"point clé"
衝,percer
衝,poignarder
衝,piquer
裳,robe
訟,accusation
訟,poursuites
証,preuve
証,évidence
証,certificat
詔,"décret impérial"
詳,détaillé
詳,complet
詳,précis
詳,"bien informé"
象,éléphant
象,modèle
象,imiter
象,image
象,forme
象,"signe (des temps)"
象,phénomène
賞,prix
賞,récompense
賞,louanges
鐘,cloche
鐘,gong
鐘,carillon
障,gêne
障,"faire du mal"
上,au-dessus
上,haut
上,monter
上,"donner (je te donne)"
丈,longueur
丈,"10 pieds (jo)"
丈,mesure
丈,M
丈,Mme
丈,taille
丈,stature
丈,"tout (ce qu'on a)"
丈,seulement
丈,"c'est tout"
丞,secours
乗,monter
乗,"prendre (train, ...)"
乗,embarquer
乗,chevaucher
乗,profiter
乗,multiplication
乗,mentionner
乗,"compteur de véhicules"
乗,"se joindre à"
冗,superflu
冗,inutile
剰,"par dessus le marché"
剰,"en outre"
剰,surplus
城,château
場,lieu
場,place
場,aire
場,"champ (magnétique)"
壌,"lot de terrain"
壌,sol
壌,terrain
嬢,mademoiselle
嬢,"jeune fille"
嬢,fille
常,habituel
常,ordinaire
常,normal
情,sentiments
情,émotion
情,passion
情,compassion
情,circonstances
情,faits
条,article
条,clause
条,bande
条,"rai (lumière)"
条,"filet (fumée)"
条,brindille
条,"petite chose longue"
浄,nettoyer
浄,laver
浄,purifier
浄,"dynastie Mandchoue"
状,"état des choses"
状,conditions
状,circonstances
状,lettre
状,forme
状,apparence
畳,tatami
畳,"compteur de tatamis"
畳,"surface : 182 cm x 91 cm"
畳,replier
畳,empiler
畳,répété
畳,"fermer, boucler (maison)"
畳,terminer
蒸,"cuire à la vapeur"
蒸,chauffer
蒸,torride
蒸,fomenter
蒸,renfermé
譲,céder
譲,transférer
譲,transmettre
醸,brasser
醸,causer
錠,serrure
錠,chaines
錠,fers
嘱,"charger de"
嘱,appartenir
嘱,demander
嘱,"envoyer un message"
飾,décorer
飾,orner
飾,parer
飾,embellir
植,planter
殖,croître
殖,augmenter
殖,multiplier
殖,élever
織,tisser
織,tissu
職,"poste de travail"
職,emploi
職,travail
色,couleur
触,contact
触,toucher
触,sentir
触,frapper
触,proclamer
触,annoncer
触,conflit
食,manger
食,nourriture
辱,humilier
辱,embarrasser
辱,déshonorer
伸,allonger
伸,étirer
伸,accroître
伸,étendre
伸,augmenter
信,foi
信,vérité
信,fidélité
信,confiance
信,communication
侵,intrusion
侵,invasion
侵,empiéter
侵,raid
侵,"entrer sans permission"
侵,"violer (lieu)"
唇,lèvres
娠,"femme enceinte"
寝,"être couché"
寝,dormir
寝,"se reposer"
寝,lit
寝,invendu
審,audition
審,audience
審,jugement
心,coeur
心,esprit
心,"radical coeur (no. 61)"
慎,humilité
慎,circonspect
慎,discret
慎,prudent
振,secouer
振,saupoudrer
振,remuer
振,balancer
振,feindre
新,nouveau
森,forêt
森,bois
浸,immersion
浸,tremper
浸,"plonger dans"
浸,humidifier
浸,humecter
浸,mouiller
深,profond
深,augmenter
深,intensifier
深,renforcer
申,"dire (humble)"
申,"s'appeler (humble)"
申,"j'ai l'honneur de"
申,"signe de la 9ème branche terrestre"
申,"signe du Singe (zodiaque)"
申,"15 h à 17 h"
真,exact
真,vrai
真,réalité
真,"secte bouddhiste"
神,divinité
神,esprit
神,âme
紳,gentilhomme
紳,seigneur
紳,"écharpe de chevalier"
臣,servant
臣,serviteur
臣,sujet
薪,combustible
薪,"bois de chauffage"
薪,"petit bois"
薪,fuel
親,parent
親,parenté
親,intimité
親,familiarité
親,"donneur (cartes)"
診,examiner
診,diagnostic
診,"bilan de santé"
診,auscultation
身,individu
身,personne
身,"situation sociale"
辛,épicé
辛,amer
辛,piquant
辛,âcre
進,progresser
進,avancer
進,promouvoir
針,aiguille
針,épingle
針,agrafe
針,dard
震,tremblement
震,secouer
震,frémir
震,frissonner
人,"être humain"
人,personne
仁,humanité
仁,vertu
仁,bienveillance
仁,charité
仁,"grandeur d'âme"
仁,homme
仁,noyau
刃,lame
刃,épée
刃,"fil (épée)"
尋,demander
尋,interroger
尋,rechercher
尋,brasse
甚,formidable
甚,très
甚,terriblement
甚,excessivement
尽,épuiser
尽,"arriver au bout"
尽,"être à court de"
尽,"être dégoûté"
尽,"prendre en amitié"
尽,servir
迅,vif
迅,rapide
陣,campement
陣,"ordre de bataille"
陣,rang
陣,position
須,nécessité
須,certainement
須,"devrait faire"
酢,vinaigre
酢,aigre
酢,acide
酢,"sur (goût)"
図,carte
図,dessin
図,plan
図,inattendu
図,accidentellement
吹,souffler
吹,respirer
吹,"bouffées (fumée)"
吹,émettre
吹,fumer
垂,pendre
垂,suspendre
垂,tomber
垂,"être avachi"
垂,goutter
帥,commandant
帥,"mener des troupes"
帥,gouverneur
推,présumer
推,déduire
推,deviner
推,supposer
推,soutenir
水,eau
炊,cuisiner
炊,cuire
睡,ensommeillé
睡,dormir
睡,mourir
粋,élégance
粋,chic
粋,style
粋,pureté
粋,essence
粋,élite
粋,"de choix"
衰,déclin
衰,diminuer
衰,s'affaiblir
遂,réussi
遂,accompli
遂,"parvenir à"
遂,consommer
遂,"commettre (suicide)"
酔,ivre
酔,"se sentir malade"
酔,empoisonné
酔,"transporté de joie"
酔,subjugué
錘,poids
錘,"plomb (pêche)"
随,suivre
随,quoique
随,néanmoins
随,pendant
随,"les deux"
随,tout
随,obéir
随,"se soumettre à"
随,"se conformer à"
随,"à la merci (des vagues)"
髄,moelle
髄,quintessence
崇,adoration
崇,respect
崇,révérer
崇,culte
数,nombre
数,compter
数,destin
数,loi
数,chiffres
枢,pivot
枢,charnière
枢,porte
据,"poser les fondations"
据,installer
据,équiper
据,s'accroupir
据,s'asseoir
杉,cèdre
杉,cryptomère
澄,limpide
澄,clair
澄,clarifier
澄,lucidité
澄,"se dégager"
澄,"tendre (l'oreille)"
澄,"attitude composée"
寸,dimension
寸,"un peu"
寸,"sun = 3,03 cm (1/10 de shaku)"
世,génération
世,monde
世,société
世,public
瀬,rapides
瀬,courant
瀬,torrent
瀬,"hauts fonds"
畝,sillon
畝,"30 tsubo (100 m²)"
畝,raie
畝,"côte (côtelé)"
是,"comme il faut"
是,ceci
是,juste
是,justice
制,système
制,règle
制,loi
制,régime
制,contrôle
勢,vigueur
勢,forces
勢,énergie
勢,"puissance militaire"
姓,"nom de famille"
征,conquête
征,"attaquer les barbares"
征,"collecter les taxes"
性,sexe
性,genre
性,nature
性,propriétés
成,"se changer en"
成,devenir
成,obtenir
成,croissance
成,s'écouler
成,accomplir
政,politique
政,gouvernement
整,"mettre en ordre"
整,organiser
整,arranger
整,"air (mélodie)"
整,ton
整,mètre
整,"clef (musique)"
星,étoile
星,point
星,marque
晴,éclaircir
正,correct
正,positif
正,juste
正,droit
正,10**40
清,pur
清,purifier
清,exorciser
清,nettoyer
清,"dynastie Mandchoue"
牲,"sacrifice animal"
牲,offrande
生,vie
生,naissance
生,authentique
生,cru
盛,prospérité
盛,boom
盛,copuler
精,raffiné
精,fantôme
精,féérique
精,énergie
精,vitalité
精,sperme
精,excellence
精,pureté
精,habileté
聖,saint
聖,sage
聖,maître
聖,prêtre
声,voix
製,"""fabriqué en"""
製,fabrication
西,Ouest
西,Espagne
誠,sincérité
誠,avertir
誠,prévenir
誠,interdire
誠,vérité
誠,fidélité
誓,"prêter serment"
誓,promettre
誓,jurer
請,solliciter
請,inviter
請,demander
逝,défunt
逝,mourir
青,bleu
青,vert
静,calme
斉,arranger
斉,égal
斉,semblable
斉,"même variété"
税,taxe
税,droits
隻,"compteur de bateaux"
隻,"compteur d'oiseaux"
隻,vaisseaux
隻,poissons
隻,flèches
隻,"l'un d'une paire"
席,siège
席,natte
席,occasion
席,place
惜,regret
惜,frugal
惜,radin
惜,économe
戚,parenté
戚,"relations familiales"
戚,peine
斥,rejeter
斥,"se retirer"
斥,repousser
昔,autrefois
昔,antiquité
昔,"il était une fois"
析,analyser
析,hacher
析,déchirer
析,diviser
石,pierre
積,volume
積,"produit (x*y)"
積,aire
積,contenu
積,entasser
積,empiler
積,charger
積,amasser
籍,enrôler
籍,domicile
籍,"registre (état civil, domicile)"
籍,adhésion
績,performance
績,"cocons non déroulés"
責,blâmer
責,condamner
責,critiquer
赤,rouge
跡,traces
跡,marques
跡,vestiges
跡,empreinte
切,couper
切,trancher
切,tranchant
切,passionné
切,sérieux
拙,maladroit
拙,bâclé
拙,"mon humble (maison, écrit)"
接,joindre
接,toucher
接,contact
接,"recoller (morceaux)"
摂,substitut
摂,remplaçant
摂,"prendre (ingérer)"
摂,"faire simultanément"
折,plier
折,casser
折,fracture
折,courber
折,céder
折,soumettre
折,"tourner (coin)"
設,créer
設,fonder
設,établir
設,préparer
窃,cambrioler
窃,secret
窃,privé
窃,discret
窃,"à voix basse"
節,"noeud (vitesse)"
節,instant
節,saison
節,période
節,occasion
節,"vers (poésie)"
節,stance
節,honneur
節,jointure
節,articulation
節,bosse
節,"air (musique)"
節,mélodie
説,théorie
説,rumeur
説,opinion
説,thèse
雪,neige
絶,cesser
絶,au-delà
絶,rompre
絶,couper
絶,s'abstenir
絶,interrompre
絶,supprimer
舌,langue
舌,anche
舌,"battant (cloche)"
仙,ermite
仙,magicien
仙,centime
仙,sacrum
先,avant
先,devant
先,précédent
先,futur
先,antériorité
千,mille
占,"bonne aventure"
占,divination
占,prédiction
占,occuper
占,tenir
占,posséder
占,avoir
占,prendre
宣,proclamer
宣,dire
宣,annoncer
専,spécialité
専,exclusivement
専,principalement
専,uniquement
川,rivière
川,fleuve
川,"radical rivière (no. 47)"
戦,guerre
戦,bataille
戦,match
扇,ventilateur
扇,éventail
栓,bouchon
栓,bonde
栓,robinet
泉,source
泉,fontaine
浅,"peu profond"
浅,superficiel
浅,frivole
浅,misérable
浅,honteux
洗,laver
洗,fouiller
洗,examiner
染,teindre
染,tache
染,pollution
染,colorer
染,peindre
染,imprimer
潜,s'immerger
潜,"se cacher"
潜,"se dissimuler"
潜,s'embusquer
潜,"voix basse"
潜,chut!
旋,rotation
旋,révolution
線,ligne
線,voie
繊,effilé
繊,fin
繊,"kimono léger"
羨,envieux
羨,jaloux
羨,convoiter
船,bateau
船,navire
薦,recommander
薦,natte
薦,conseiller
薦,encourager
薦,proposer
践,"monter sur"
践,piétiner
践,"accéder (trône)"
践,pratique
践,réaliser
選,élection
選,sélection
選,choisir
選,préférer
遷,transition
遷,changement
遷,déménagement
遷,"dégrader (armée, profession)"
銭,piécette
銭,monnaie
銭,"1 centime de yen"
銑,gueuse
銑,fonte
鮮,frais
鮮,vif
鮮,clair
鮮,brillant
鮮,Corée
前,devant
前,avant
善,bien
善,bonté
善,vertu
漸,progressivement
漸,"en fin de compte"
漸,finalement
漸,"tout juste"
然,"un certain"
然,"si c'est comme ça"
然,"dans ce cas"
然,"suffixe adverbial"
全,totalité
全,entier
全,tout
全,complet
全,accomplir
禅,Zen
禅,méditation
繕,repriser
繕,rapiécer
繕,réparer
繕,raccommoder
繕,ranger
繕,ajuster
塑,plastique
塑,modèle
塑,moulage
措,"mettre à l'écart"
措,rejeter
措,abandonner
措,suspendre
措,renvoyer
措,exclure
曽,anciennement
曽,ex-
曽,"arrière (-petit-fils)"
曽,"arrière (-grand-mère)"
曽,précédent
曽,jamais
狙,viser
狙,mire
狙,ombre
狙,rôder
疎,négligence
疎,ignorer
疎,aliéner
疎,éviter
疎,grossier
疎,clairsemé
疎,épars
礎,"première pierre"
礎,"première angulaire"
祖,ancêtre
祖,pionnier
祖,fondateur
租,droits
租,taxe
租,impôt
租,emprunt
粗,grossier
粗,rude
素,élément
素,principe
素,nu
素,découvert
組,association
組,tresse
組,natte
組,assembler
組,construire
組,unir
組,coopérer
組,"se débattre avec"
訴,plainte
訴,accusation
訴,poursuites
訴,"faire appel"
阻,"faire obstacle"
阻,obstruer
阻,contrarier
阻,séparer
阻,dissuader
阻,empêcher
僧,"prêtre bouddhiste"
僧,moine
創,fondation
創,genèse
創,origine
創,début
創,blessure
双,paire
双,"ensemble (groupe d'objets)"
双,comparaison
双,"compteur de paires"
倉,cellier
倉,entrepôt
倉,dépôt
倉,magasin
倉,trésor
喪,perte
喪,deuil
壮,robuste
壮,"âge d'homme"
壮,prospérité
奏,"jouer de la musique"
奏,concert
奏,"parler à l'Empereur"
奏,"mener à bien"
層,strate
層,"classe sociale"
層,couche
層,étage
想,concept
想,pensée
想,idée
捜,chercher
捜,rechercher
捜,détecter
捜,repérer
掃,balayer
掃,brosser
掃,nettoyer
挿,insérer
挿,greffer
挿,"mettre dans"
挿,"porter (épée)"
操,manipuler
操,manoeuvre
操,"faite marcher"
操,diriger
操,chasteté
操,virginité
操,fidélité
早,tôt
早,rapide
曹,"élève officier"
曹,sous-officier
曹,ami
曹,"fils de bonne famille"
巣,nid
巣,"colonie (fous)"
巣,ruche
巣,"toile (araignée)"
巣,antre
槽,cuve
槽,bac
槽,réservoir
漕,ramer
漕,pagayer
燥,dessécher
燥,"être joyeux"
争,"se quereller"
争,"se disputer"
相,inter-
相,mutuel
相,ensemble
相,ministre
相,aspect
相,phase
相,physionomie
窓,fenêtre
窓,vitre
総,général
総,entier
総,tout
総,complet
総,total
草,herbe
草,"mauvaise herbe"
草,plantes
草,pâturage
草,écrire
草,ébauche
荘,villa
荘,auberge
荘,"maison de campagne"
荘,"manoir féodal"
葬,funérailles
葬,enterrer
葬,"abandonner (ajourner)"
藻,algue
藻,"lentille d'eau"
装,revêtir
装,tenue
装,déguisement
装,prétendre
装,"faire semblant"
走,courir
送,escorter
送,envoyer
遭,rencontre
遭,"mauvaise rencontre"
遭,parti
遭,association
遭,entrevue
遭,joindre
霜,gel
霜,givre
騒,tapage
騒,"faire du bruit"
騒,clameur
騒,émeute
騒,exciter
騒,déranger
像,statue
像,image
像,figure
像,portrait
像,représentation
増,augmenter
増,ajouter
増,accroissement
増,gain
増,promouvoir
憎,haine
憎,détester
臓,entrailles
臓,viscères
臓,intestins
蔵,entrepôt
蔵,"salle de stockage"
蔵,cacher
蔵,avoir
蔵,posséder
贈,cadeau
贈,envoyer
贈,offrir
贈,donner
贈,accorder
贈,conférer
贈,"remise (prix)"
造,créer
造,fabriquer
造,structure
造,physique
造,maquillage
促,stimuler
促,encourager
促,"pousser à"
促,inciter
促,demander
側,côté
側,pencher
側,opposer
側,regretter
則,règlement
則,règle
則,suivre
則,norme
則,"loi (science, nature)"
即,instantané
即,c'est-à-dire
即,"en l'état"
即,"se conformer"
即,"être d'accord"
即,"être adapté"
息,respirer
息,fils
息,"intérêts (prêt)"
束,fagot
束,gerbe
束,bouquet
束,promesse
束,"mettre en liasse"
束,"rame (papier)"
束,gouverner
束,diriger
束,contrôler
測,brasse
測,mesurer
測,sonder
測,plan
足,jambe
足,pied
足,suffire
足,ajouter
足,"compteur de paires de chaussures"
速,vite
速,rapide
俗,vulgaire
俗,coutumes
俗,manières
俗,temporel
俗,séculier
属,"faire partie de"
属,genre
属,"fonctionnaire subalterne"
属,"affilié à"
賊,bandit
賊,rebelle
賊,traitre
賊,cambrioleur
賊,voleur
族,tribu
族,famille
続,continuer
続,série
続,suite
卒,"fin d'études"
卒,soldat
卒,privé
卒,mourir
袖,manche
袖,"aile (bâtiment)"
袖,"rallonge (table)"
袖,"virer qu'un"
其,cela
存,supposer
存,"être conscient de"
存,croire
存,sentir
孫,petits-enfants
孫,descendants
尊,révérer
尊,précieux
尊,noble
尊,"haut placé"
損,blesser
損,nuire
損,dommages
損,perte
村,village
村,ville
他,autre
他,"un autre"
他,"les autres"
多,beaucoup
多,nombreux
多,fréquent
太,gras
太,dodu
太,gros
堕,dégénérer
堕,sombrer
堕,s'abaisser
妥,aimable
妥,calme
妥,pacifique
妥,approprié
妥,compromis
惰,paresse
打,taper
打,frapper
打,coup
打,marteler
打,douzaine
駄,fardeau
駄,"cheval de bât"
駄,"charge de cheval"
駄,"envoyé par cheval"
体,corps
体,substance
体,objet
体,réalité
体,"compteur d'images"
対,vis-à-vis
対,"en face"
対,régulier
対,égal
対,opposition
対,anti-
対,comparer
耐,"à l'épreuve de"
耐,résistant
耐,endurant
耐,durable
帯,ceinture
帯,écharpe
帯,obi
帯,zone
帯,région
待,attendre
待,"compter sur"
怠,négligence
怠,paresse
態,attitude
態,condition
態,état
態,apparence
態,"forme (d'un verbe)"
戴,couronnement
戴,"vivre sous (un chef)"
戴,recevoir
替,substituer
替,remplacer
替,échanger
泰,paisible
泰,calme
泰,paix
泰,tranquille
泰,Thaïlande
滞,stagner
滞,retard
滞,arriérés
胎,utérus
胎,foetus
袋,sac
袋,sacoche
袋,mère
貸,prêter
貸,louer
退,retraite
退,"se retirer"
退,démissionner
退,repousser
退,exclure
退,rejeter
逮,appréhender
逮,arrêter
逮,poursuivre
隊,régiment
隊,compagnie
隊,brigade
隊,groupe
代,substituer
代,changer
代,convertir
代,remplacer
代,période
代,âge
代,ère
代,génération
代,"montant d'argent"
代,taux
代,prix
代,redevance
台,piédestal
台,socle
台,"compteur de voitures ou machines"
大,grand
第,numéro
第,résidence
題,sujet
滝,cascade
滝,rapides
滝,"chute d'eau"
卓,éminent
卓,haut
卓,table
宅,domicile
宅,maison
宅,résidence
宅,"notre maison"
宅,"mon mari"
択,choisir
択,sélectionner
択,élire
択,préférer
拓,défricher
拓,"conquête (terrain)"
沢,marais
沢,"ruisseau de montagne"
沢,abondance
濯,lessive
濯,laver
濯,rincer
濯,verser
託,confier
託,requête
託,remettre
託,prétexter
託,conseil
濁,troubler
濁,"consonne sonore (nigori)"
濁,impureté
濁,faux
濁,boueux
諾,consentement
諾,assentiment
諾,accord
只,"le seul"
只,gratuit
只,"en plus"
但,pourtant
但,mais
達,"suffixe pluriel"
達,accompli
達,atteindre
達,aboutir
辰,"signe de la 5ème branche terrestre"
辰,"signe du Dragon (zodiaque)"
辰,"7 à 9 heures du matin"
辰,"radical shinnotatsu dragon (no. 161)"
奪,dérober
奪,"prendre de force"
奪,"arracher (des mains)"
奪,déposséder
奪,piller
奪,usurper
脱,déshabiller
脱,enlever
脱,"s'échapper de"
脱,"se débarrasser de"
脱,"être oublié"
脱,s'enfuir
棚,étagère
棚,rayon
棚,rebord
棚,support
棚,tablette
棚,"manteau (cheminée)"
棚,"treillis (vigne)"
谷,vallée
誰,qui
誰,quelqu'un
丹,"couleur de rouille"
丹,rouge
丹,minium
丹,pilules
単,simple
単,un
単,unique
単,seulement
嘆,"se lamenter"
嘆,soupirer
嘆,gémir
嘆,peine
担,"se charger de"
担,responsable
担,porter
担,soutenir
探,chercher
探,tâtonner
探,enquête
旦,aube
旦,"point du jour"
旦,aurore
淡,dilué
淡,vague
淡,pâle
淡,éphémère
炭,"charbon de bois"
炭,charbon
短,court
短,bref
短,faute
短,défaut
短,"point faible"
端,bord
端,origine
端,bout
端,pointe
端,bordure
端,rebord
端,cap
胆,"vésicule biliaire"
胆,courage
胆,cran
誕,nativité
誕,"être né"
誕,déclinaison
誕,exagération
誕,"être arbitraire"
鍛,former
鍛,discipliner
鍛,entraîner
団,groupe
団,association
壇,tribune
壇,podium
壇,estrade
壇,gradins
壇,"le monde des ..."
弾,boulet
弾,rebond
弾,chiquenaude
弾,vibration
断,refus
断,décliner
断,rupture
断,excuses
断,prévenir
断,rejeter
断,interdire
断,décision
断,jugement
断,trancher
暖,chaleur
段,étape
段,marche
段,escalier
男,homme
男,mâle
談,discuter
談,parler
値,valeur
値,prix
値,coût
知,savoir
知,sagesse
地,sol
地,terre
恥,honte
恥,déshonneur
智,intelligence
智,raison
池,étang
池,mare
池,"réservoir (eau)"
痴,idiot
痴,stupide
稚,immature
稚,jeunesse
置,placer
置,poser
置,déposer
置,"faire à l'avance"
置,"laisser derrière"
置,garder
置,employer
置,gage
致,faire
致,causer
致,provoquer
致,commettre
致,envoyer
致,expédier
致,encourir
致,engager
遅,retard
遅,lent
遅,précédent
遅,"plus tard"
築,bâtir
築,construire
築,fabriquer
畜,bétail
畜,"animaux domestiques"
竹,bambou
蓄,accumuler
蓄,stocker
蓄,"mettre de côté"
蓄,gramophone
蓄,"avoir une maîtresse"
逐,poursuivre
逐,chasser
逐,"un (par un)"
逐,accomplir
逐,atteindre
逐,commettre
秩,ordre
秩,régularité
秩,salaire
窒,obstruer
窒,suffoquer
窒,azote
茶,thé
嫡,"légitime (enfant, femme)"
嫡,"descendant direct (légitime)"
着,enfiler
着,"porter (vêtement)"
着,arriver
着,"compteur de vêtements"
中,dans
中,dedans
中,"à l'intérieur"
中,milieu
中,centre
中,moyenne
仲,relation
仲,médiation
仲,intermédiaire
宙,"plein ciel"
宙,air
宙,espace
宙,mémorisation
宙,"intervalle de temps"
忠,loyauté
忠,fidélité
抽,extraire
抽,tirer
抽,exceller
昼,journée
昼,midi
柱,poteau
柱,cylindre
柱,support
注,verser
注,"se jeter dans"
注,arroser
注,"servir (boisson)"
注,note
注,remarque
注,annotation
注,commentaire
虫,insecte
虫,vermine
虫,ver
虫,reptile
虫,colère
衷,"au plus profond"
衷,coeur
衷,esprit
衷,intime
鋳,"couler (métal)"
鋳,"frapper (monnaie)"
駐,stationner
駐,résident
猪,sanglier
著,renommé
著,publier
著,écrire
著,remarquable
著,phénoménal
著,porter
著,arrivée
著,auteur
著,"ouvrage littéraire"
著,"compteur de vêtements"
貯,économies
貯,épargne
貯,réserve
貯,stocker
貯,"porter la moustache"
丁,"pâté de maison"
丁,"tranche d'aliment"
丁,exactitude
丁,"soin extrême"
丁,quatrième
丁,"signe du 4è tronc céleste"
兆,augures
兆,présage
兆,signe
兆,symptômes
兆,10**12
兆,"1000 milliards"
帳,cahier
帳,"livre de comptes"
帳,album
庁,"bureau du gouvernement"
弔,condoléances
弔,deuil
弔,funérailles
張,allonger
張,étirer
張,étaler
張,"compteur d'arcs et instruments à cordes"
張,"monter (tente)"
彫,sculpter
彫,graver
彫,ciseler
徴,indication
徴,signe
徴,symptôme
徴,chercher
徴,"collecter (taxes)"
徴,appel
懲,punition
懲,pénal
懲,châtiment
懲,sanction
挑,défier
挑,rivaliser
挑,provoquer
挑,"faire des avances"
朝,matin
朝,dynastie
朝,régime
朝,période
朝,époque
朝,"Corée (Nord)"
潮,marée
潮,"eau salée"
潮,opportunité
町,quartier
町,ville
町,village
町,rue
眺,dévisager
眺,regarder
眺,voir
眺,fixer
眺,contempler
眺,examiner
聴,écouter
聴,têtu
聴,vilain
聴,"sans même demander"
脹,dilater
脹,distendre
脹,bosse
脹,"bourrer (remplir)"
脹,gonfler
脹,bouder
腸,intestin
腸,entrailles
腸,viscères
蝶,papillon
調,enquête
調,mélodie
調,"ton (majeur/mineur)"
調,"style d'écriture"
調,préparer
調,exorciser
超,dépasser
超,super-
超,sur-
跳,sauter
跳,bondir
跳,caracoler
跳,"ruer (cheval)"
跳,jaillir
跳,gicler
跳,craquer
跳,collision
長,long
長,chef
頂,"placer au sommet"
頂,"recevoir (je reçois de vous)"
頂,"sommet de la tête (vertex)"
頂,sommet
頂,pic
鳥,oiseau
鳥,poulet
勅,"rescrit impérial"
直,"droit devant"
直,directement
直,honnêteté
直,franchise
直,réparer
直,guérir
直,"tout de suite"
朕,"Nous impérial"
朕,"Empereur du Japon"
沈,couler
沈,"être submergé"
沈,s'enfoncer
沈,"être déprimé"
沈,aloès
珍,rare
珍,curieux
珍,étrange
賃,tarif
賃,prix
賃,frais
賃,charges
賃,"droits (d'inscription)"
賃,location
賃,salaire
鎮,tranquilliser
陳,informer
陳,présenter
陳,raconter
陳,expliquer
津,havre
津,port
津,bac
墜,s'écraser
墜,tomber
追,pourchasser
追,chasser
追,suivre
追,poursuivre
追,"pendant ce temps (à suivre)"
痛,douleur
痛,mal
痛,dommage
痛,"contusion, bleu"
通,circulation
通,"passer par"
通,avenue
通,"trajet (travail)"
通,"compteur de lettres, notes, ..."
塚,butte
塚,tertre
塚,borne
塚,tombe
漬,saumure
漬,tremper
漬,humecter
漬,imbiber
辻,carrefour
辻,croisement
辻,"coins de rues"
辻,(kokuji)
蔦,lierre
蔦,vigne
椿,camélia
坪,"tsubo (3,306 m² )"
坪,"aire de 2 tatamis standards"
爪,ongle
爪,griffe
爪,serre
爪,plectre
釣,"rendre la monnaie"
釣,"pêche à la ligne"
釣,attraper
釣,attirer
釣,capturer
鶴,grue
鶴,cigogne
亭,pavillon
亭,restaurant
亭,résidence
亭,tonnelle
亭,variétés
亭,"music hall"
亭,"nom de scène"
低,bas
低,"petit (taille)"
低,humble
停,arrêt
停,halte
偵,espion
貞,intègre
貞,chasteté
貞,pureté
貞,vertu
呈,dévoiler
呈,offrir
呈,présenter
呈,envoyer
呈,exposer
堤,digue
堤,berge
堤,rive
定,déterminé
定,fixé
定,établi
定,décidé
帝,souverain
帝,empereur
帝,dieu
帝,créateur
底,"partie basse"
底,fond
底,semelle
底,profondeur
底,"prix plancher"
底,base
底,sorte
庭,jardin
庭,cour
廷,tribunaux
廷,"cour impériale"
廷,"bureau du gouvernement"
弟,"frère cadet"
弟,apprenti
弟,disciple
弟,"service déférent aux ainés"
抵,résister
抵,parvenir
抵,toucher
提,proposition
提,emmener
提,"tenir en main"
程,ampleur
程,degré
程,loi
程,formule
程,distance
程,limites
程,quantité
程,bientôt
締,serrer
締,lier
締,fermer
締,verrouiller
締,attacher
艇,barque
艇,"petit bateau"
訂,réviser
訂,corriger
訂,décider
逓,relais
逓,progressif
逓,"au fur et à mesure"
逓,envoi
邸,résidence
邸,"hôtel particulier"
泥,boue
泥,fange
泥,"tenir à"
泥,voleur
摘,"saisir du bout des doigts"
摘,pincer
摘,cueillir
摘,"tailler (haie)"
摘,récapituler
敵,ennemi
敵,adversaire
滴,goutte
的,cible
的,but
的,objectif
的,"terminaison d'adjectif"
笛,flûte
笛,clarinette
笛,sifflet
笛,pipeau
笛,cornemuse
笛,piccolo
適,approprié
適,occasionnel
適,rare
適,qualifié
適,capable
哲,philosophie
哲,clair
徹,pénétrer
徹,"clair (limpide)"
徹,percer
徹,"toucher (cible)"
徹,"toute la nuit (sans dormir)"
撤,retirer
撤,enlever
撤,désarmer
撤,démanteler
撤,rejeter
撤,exclure
迭,transférer
迭,alternance
鉄,fer
典,code
典,cérémonie
典,loi
典,règle
天,cieux
天,ciel
天,impérial
展,développement
展,déploiement
店,magasin
店,échoppe
添,annexer
添,accompagner
添,"se marier"
添,joindre
添,satisfaire
添,ajouter
添,garnir
添,imiter
転,rouler
転,tourner
転,changer
点,point
点,note
点,allumer
点,"virgule (décimales)"
伝,transmettre
伝,côtoyer
伝,suivre
伝,rapporter
伝,communiquer
伝,légende
伝,tradition
殿,Monseigneur
殿,hall
殿,résidence
殿,palais
殿,temple
殿,seigneur
田,rizière
電,électricité
吐,cracher
吐,vomir
吐,roter
吐,avouer
吐,"dire des mensonges"
塗,peinture
塗,peindre
塗,tartiner
塗,barbouiller
塗,enduire
塗,recouvrir
徒,élève
徒,inexpérimenté
徒,vide
徒,vanité
徒,futilité
徒,inutilité
徒,"chose éphémère"
徒,bande
徒,parti
斗,"Grande Ourse"
斗,"tonnelet de saké"
斗,"to (18,039 litres)"
斗,"radical points et croix (no. 68)"
渡,transit
渡,gué
渡,bac
渡,traversée
渡,import
渡,livrer
渡,diamètre
渡,migrer
登,monter
登,escalader
賭,parier
賭,miser
賭,jouer
途,trajet
途,route
途,voie
都,métropole
都,capitale
努,s'efforcer
努,"faire tout son possible"
努,"travailler dur"
努,appliqué
度,degré
度,occurrence
度,fois
度,"compteur d'occurrences"
土,sol
土,terre
土,terrain
土,Turquie
奴,mec
奴,type
奴,esclave
奴,valet
奴,"suffixe insultant"
怒,colère
怒,offenser
倒,renverser
倒,tomber
倒,s'écrouler
倒,dégringoler
倒,s'effondrer
党,"parti politique"
党,faction
党,clique
冬,hiver
凍,gelé
凍,congeler
凍,réfrigérer
刀,épée
刀,sabre
刀,couteau
唐,T'ang
唐,Chine
塔,pagode
塔,tour
塔,clocher
島,île
悼,déplorer
悼,"se lamenter"
悼,deuil
投,jeter
投,"mettre au rebut"
投,abandonner
投,lancer
投,investir
投,"se lancer dans"
投,"vendre à perte"
搭,embarquement
搭,"charger (un véhicule)"
搭,"prendre (un véhicule)"
東,Est
桃,"pêche (fruit)"
棟,faîte
棟,bâtiment
盗,vol
盗,dérober
盗,chaparder
湯,"eau chaude"
湯,bain
湯,"source chaude"
灯,lampe
灯,lumière
灯,"compteur de lampes"
当,frapper
当,juste
当,approprié
当,lui-même
痘,variole
等,"et ainsi de suite"
等,etc...
等,semblable
等,"classe (1ère)"
等,qualité
等,égal
等,"pluriel (peu respectueux)"
答,solution
答,réponse
筒,cylindre
筒,tuyau
筒,tube
筒,"canon (fusil)"
筒,manche
糖,sucre
統,général
統,relation
統,gouverner
統,régner
到,arrivée
到,atteindre
到,"arriver à"
到,"aboutir à"
藤,glycine
討,débat
討,châtier
討,attaquer
討,vaincre
討,conquérir
討,détruire
謄,copie
謄,photocopie
謄,"reprographie (ronéo)"
豆,haricot
豆,pois
豆,infime
踏,marcher
踏,"monter sur"
踏,piétiner
踏,évaluer
踏,"basé sur"
踏,réaliser
踏,"éviter de payer"
逃,s'évader
逃,s'échapper
逃,fuir
逃,"se dérober à"
逃,libérer
透,transparent
透,s'infiltrer
透,pénétrer
陶,poterie
陶,porcelaine
頭,tête
頭,"compteur de gros animaux"
騰,inflation
騰,augmentation
騰,avance
闘,lutte
闘,guerre
働,travailler
働,(kokuji)
動,bouger
動,mouvement
動,changement
動,confusion
動,secouer
同,identique
同,similaire
同,égal
堂,"édifice public"
堂,temple
堂,salle
堂,hall
堂,"grandiose (bâtiment)"
導,directives
導,mener
導,guider
導,conduire
洞,antre
洞,grotte
洞,excavation
瞳,"pupille (oeil)"
童,jeune
童,enfant
胴,"tronc (du corps)"
胴,torse
胴,"coque (bateau)"
胴,moyeu
道,voie
道,route
道,rue
道,région
道,voyage
道,morale
道,enseignements
銅,cuivre
峠,"col (montagne)"
峠,sommet
峠,crête
峠,(kokuji)
匿,cacher
匿,abriter
匿,protéger
得,obtenir
得,gain
得,gagner
得,trouver
得,acquérir
得,pouvoir
得,profit
得,avantage
得,bénéfice
徳,bienveillance
徳,vertu
徳,bonté
徳,respectable
特,spécial
督,superviseur
督,entraîner
督,commander
督,mener
督,"pousser à faire"
篤,intense
篤,gentil
篤,cordial
篤,grave
篤,sérieux
篤,délibéré
毒,poison
毒,virus
毒,venin
毒,germe
毒,mal
毒,blessure
毒,méchanceté
独,célibataire
独,seul
独,spontanément
独,Allemagne
読,lire
栃,"marronnier d'Inde"
栃,(kokuji)
凸,convexe
凸,inégal
凸,"gros sourcils"
突,poignarder
突,saillant
突,irruption
突,enfoncer
突,percer
突,piquer
届,remettre
届,livrer
届,parvenir
届,arriver
届,rapport
届,notification
届,transmettre
寅,"signe de la 3ème branche terrestre"
寅,"signe du Tigre (zodiaque)"
寅,"3 à 5 heures du matin"
酉,"signe de la 10ème branche terrestre"
酉,"signe du Coq (zodiaque)"
酉,oiseau
酉,"Ouest (270°)"
酉,"17 à 19 h"
酉,"radical saké (no. 164)"
屯,garnison
屯,"poste de police"
屯,"camp militaire"
豚,porc
豚,cochon
曇,"temps couvert"
曇,"se couvrir"
鈍,émoussé
鈍,lent
鈍,bête
奈,Nara
奈,"comment ?"
内,intérieur
内,dedans
内,entre
内,parmi
内,maison
縄,corde
縄,"corde de paille"
南,sud
楠,camphrier
軟,mou
難,difficile
難,impossible
難,problème
難,accident
難,défaut
二,deux
二,"radical deux (no. 2)"
尼,nonne
弐,deux
弐,second
匂,parfum
匂,puanteur
匂,éclat
匂,suggérer
匂,insinuer
匂,(kokuji)
肉,chair
肉,viande
虹,arc-en-ciel
廿,vingt
日,jour
日,soleil
日,Japon
日,"compteur de jours"
乳,lait
乳,seins
入,entrer
入,insérer
如,ressemblance
如,comme
如,"comme si"
如,mieux
如,meilleur
如,égal
如,similaire
如,paraître
尿,urine
任,responsabilité
任,devoir
任,terme
任,"confier à"
任,nommer
妊,grossesse
妊,"enceinte (femme)"
忍,supporter
忍,endurer
忍,dissimuler
忍,cacher
忍,secret
忍,espion
忍,"se glisser"
忍,subrepticement
認,reconnaître
認,approuver
認,certifier
認,distinguer
認,apprécier
認,croire
寧,plutôt
寧,"de préférence"
寧,paisible
猫,chat
熱,chaleur
熱,fièvre
熱,température
熱,manie
熱,passion
年,année
年,"compteur d'années"
念,désir
念,souhait
念,sens
念,idée
念,pensée
念,sentiment
念,attention
燃,brûler
燃,flamber
粘,collant
粘,gluant
粘,graisseux
粘,persévérer
乃,"enclitique ""no"""
乃,de
乃,"a la suite de quoi"
乃,"par conséquence"
之,de
之,ceci
之,"avancer (radical shinnyuu)"
悩,soucieux
悩,ennuis
悩,peine
悩,détresse
悩,maladie
濃,concentré
濃,"non dilué"
濃,épais
濃,sombre
納,installer
納,obtenir
納,récolter
納,payer
納,réserve
納,remise
納,hangar
能,capacité
能,habileté
能,talent
能,adresse
脳,cerveau
脳,mémoire
農,agriculture
農,fermier
把,agripper
把,saisir
把,fagot
把,paquet
把,"compteur de paquets"
覇,hégémonie
覇,suprématie
覇,leadership
覇,champion
波,onde
波,vague
波,Pologne
派,faction
派,groupe
派,parti
派,clan
派,secte
派,école
破,déchirer
破,casser
破,détruire
破,défaire
破,frustrer
婆,"vieille femme"
婆,grand-mère
婆,nourrice
馬,cheval
俳,acteur
俳,haïku
廃,abolition
廃,obsolète
廃,cessation
廃,déchets
廃,"mettre au rebut"
廃,abandonner
拝,culte
拝,adorer
拝,prier
排,répudier
排,exclure
排,rejeter
排,expulser
敗,défaut
敗,défaite
敗,revers
杯,"compteur de verres"
杯,"coupe à saké"
杯,"verre de vin"
杯,verre
杯,toast
背,stature
背,taille
背,dos
背,arrière
背,désobéir
背,défier
背,"revenir sur"
背,"se rebeller"
肺,poumon
輩,camarade
輩,gens
輩,compagnons
配,distribuer
配,épouse
配,exiler
配,rationner
倍,double
倍,"deux fois"
倍,fois
倍,"plier (en 2)"
培,"culture (plantes)"
培,entretenir
媒,médiateur
媒,intermédiaire
梅,prune
買,acheter
売,vendre
賠,compensations
賠,dédommagement
賠,indemnité
陪,respect
陪,suivre
陪,accompagner
陪,assister
伯,chef
伯,comte
伯,oncle
伯,Brésil
博,docteur
博,ovation
博,estimé
博,exposition
博,foire
博,gain
拍,applaudir
拍,"temps (musique)"
拍,"battement (coeur)"
柏,chêne
泊,"passer la nuit"
泊,loger
泊,séjour
泊,"être au mouillage"
白,blanc
舶,paquebot
舶,bateau
薄,fin
薄,dilué
薄,"léger (thé)"
迫,pousser
迫,forcer
迫,harceler
迫,imminent
迫,éperonner
漠,vague
漠,obscur
漠,désert
漠,vaste
爆,bombe
爆,"faire éclater"
爆,exploser
爆,craquer
縛,ficeler
縛,lier
縛,attacher
縛,arrêts
縛,contrainte
麦,orge
麦,blé
函,coffre
箱,boîte
箱,coffre
箱,caisse
箱,wagon
肌,épiderme
肌,texture
肌,grain
肌,corps
畑,ferme
畑,champ
畑,jardin
畑,"sa spécialité"
畑,(kokuji)
八,huit
八,"radical huit (no. 12)"
鉢,bol
鉢,"bol à riz"
鉢,pot
鉢,couronne
発,départ
発,décharge
発,dégagement
発,publier
発,émettre
発,"partir de"
発,divulguer
発,"compteur de coups de feu"
髪,cheveux
伐,abattre
伐,frapper
伐,attaquer
伐,punir
罰,punition
罰,châtiment
抜,arracher
抜,extraire
抜,chaparder
抜,enlever
抜,omettre
抜,"faire une erreur"
閥,clique
閥,lignée
閥,ascendance
閥,faction
閥,clan
鳩,pigeon
鳩,colombe
伴,"être accompagné"
伴,"amener avec soi"
伴,compagnon
伴,"époux / épouse"
判,jugement
判,signature
判,tampon
判,sceau
半,moitié
半,demi
半,milieu
半,"nombre impair"
反,anti-
帆,voile
搬,transporteur
搬,transporter
板,planche
板,plaque
板,panneau
板,stade
版,édition
版,"bloc d'impression"
版,"plaque d'impression"
版,impression
版,version
犯,crime
犯,péché
犯,délit
班,équipe
班,corps
班,unité
班,groupe
畔,"levée de terre"
畔,"digue (rizière)"
繁,luxuriant
繁,épais
繁,"envahi (herbes)"
繁,fréquence
繁,complexité
繁,ennuis
般,global
般,général
般,transporter
般,transporteur
藩,clan
藩,fief
藩,domaine
販,commercialisation
販,vente
販,commerce
範,modèle
範,exemple
煩,anxiété
煩,tourment
煩,souci
煩,douleur
煩,malade
煩,ennuyeux
煩,nuisance
頒,distribuer
頒,répartition
頒,disséminer
頒,comprendre
飯,repas
飯,"riz bouilli"
晩,soir
晩,crépuscule
番,"tour (de rôle)"
番,"numéro dans une série"
盤,plateau
盤,"bol creux"
盤,plat
盤,bassin
盤,"échiquier (Go)"
盤,"disque (musique)"
蛮,barbare
卑,humble
卑,ignoble
卑,vil
卑,vulgaire
否,non
否,nier
否,refuser
否,décliner
妃,reine
妃,princesse
彼,lui
彼,celui-là
悲,triste
悲,peine
悲,déplorer
悲,regret
扉,"porte d'entrée"
扉,"première page"
扉,"page de titre"
批,critique
批,commentaire
披,exposer
披,"ouvrir (son coeur)　"
比,comparer
比,compétition
比,proportion
比,Philippines
泌,suinter
泌,couler
泌,absorber
泌,s'infiltrer
泌,sécréter
疲,fatigue
疲,épuisé
疲,las
皮,peau
皮,cuir
皮,fourrure
皮,"radical peau (no. 107)"
碑,"pierre tombale"
碑,monument
秘,"garder secret"
秘,cacher
罷,abandon
罷,quitter
罷,"se retirer"
罷,arrêter
罷,aller
肥,engrais
肥,grossir
肥,fertile
肥,fumier
肥,choyer
被,subir
被,couvrir
被,voile
被,"ruminer (soucis)"
被,abri
被,"mettre (vêtement)"
被,"porter (sur la tête)"
被,"être exposé (film)"
被,victime
被,souffrir
費,dépense
費,coût
費,dépenser
費,consommer
費,gaspiller
避,éviter
避,fuir
避,parer
避,"écarter (danger)"
避,empêcher
避,"se dérober"
非,in-
非,non-
非,négatif
非,faute
非,injustice
非,condamner
飛,voler
飛,"sauter (une page)"
飛,répandre
備,équiper
備,préparation
備,approvisionnement
尾,queue
尾,bout
尾,"compteur de poissons"
尾,"bas de pente (montagne)"
微,ténu
微,délicat
微,insignifiant
美,beauté
美,"beau, belle"
鼻,nez
鼻,museau
鼻,groin
匹,égal
匹,tête
匹,"compteur de petits animaux"
匹,"rouleau de tissu (= 2 tan = ~19m)"
彦,bonhomme
彦,"écho (phon.)"
菱,losange
菱,"mâcre nageante (trapa japonica)"
菱,rhombe
必,nécessairement
必,certain
必,inévitable
必,invariablement
筆,pinceau
筆,écriture
姫,princesse
媛,"belle femme"
媛,princesse
百,cent
俵,"sac de paille"
俵,sac
俵,"botte de paille"
俵,"compteur de sacs"
標,panneau
標,sceau
標,marque
標,tampon
標,empreinte
標,symbole
標,emblème
標,évidence
標,souvenir
標,cible
氷,glace
氷,glaçon
氷,grêle
氷,geler
氷,congeler
漂,dériver
漂,flotter
票,bulletin
票,vote
票,ticket
票,signe
表,"surface (apparente)"
表,face
表,tableau
表,graphique
表,diagramme
評,évaluer
評,critiquer
評,commenter
描,croquis
描,dessiner
描,composer
描,écrire
描,peindre
病,malade
秒,seconde
苗,plant
苗,"jeune arbre"
苗,bourgeon
品,marchandise
品,dignité
品,raffinement
品,article
品,"compteur de plats"
浜,plage
浜,rivage
貧,pauvre
貧,pauvreté
賓,V.I.P
賓,hôte
賓,"invité d'honneur"
頻,"sans cesse"
頻,récurrent
頻,fréquemment
敏,"vivacité d'esprit"
敏,vif
敏,intelligent
瓶,"pot de fleurs"
瓶,fiole
瓶,pot
瓶,pichet
瓶,cuve
瓶,urne
不,négation
不,non
不,mauvais
不,laid
不,maladroit
付,coller
付,attacher
付,"soumettre à"
付,ajouter
夫,mari
夫,homme
婦,"femme mariée"
婦,épouse
婦,dame
婦,femme
富,fortune
富,richesse
富,abondance
布,linge
府,"préfecture urbaine"
府,arrondissement
府,"bureau de gouvernement"
府,"corps représentatif"
府,entrepôt
怖,effrayant
怖,affreux
怖,épouvantable
怖,"faire peur"
扶,aider
扶,assister
扶,"prêter main forte"
敷,étaler
敷,paver
敷,s'asseoir
敷,promulguer
普,universel
普,largement
普,généralement
普,Prusse
浮,flotter
浮,"faire surface"
浮,"venir à l'esprit"
浮,"avoir l'air (joyeux, triste)"
父,père
符,marque
符,signe
符,compte
符,amulette
符,ticket　
腐,pourrir
腐,putréfier
腐,aigre
膚,peau
膚,corps
膚,grain
膚,texture
膚,disposition
譜,partition
譜,musique
譜,note
譜,portée
譜,liste
譜,généalogie
負,défaite
負,perdre
負,moins
負,négatif
負,assumer
負,"porter sur le dos"
負,"devoir à quelqu'un"
負,"faire un rabais"
賦,prélèvement
賦,tribut
賦,impôt
賦,versements
賦,ode
賦,poème
賦,"prose poétique"
赴,"se rendre à"
赴,aller
赴,devenir
赴,"se diriger vers"
附,"attaché à"
附,"collé à"
附,"se rapporter à"
附,annexe
侮,mépriser
侮,dédaigner
侮,"prendre à la légère"
侮,irrespect
武,guerrier
武,militaire
武,chevalerie
武,armes
舞,danse
舞,voltiger
舞,cercle
舞,roue
部,partie
部,bureau
部,service
部,classe
部,copie
部,section
部,portion
部,"compteur de copies (presse)"
封,sceller
封,fermeture
風,vent
風,air
風,style
風,manière
伏,prostré
伏,"se courber"
伏,s'incliner
伏,"tendre (embuscade)"
伏,couvrir
伏,"poser (tuyaux)"
副,vice-
副,copie
副,duplicata
復,retourner
復,restaurer
復,reprendre
幅,largeur
幅,kakémono
幅,"tenture murale"
服,habillement
服,admettre
服,obéir
服,"libérer (renvoi)"
服,"avaler (médicament)"
福,bénédiction
福,fortune
福,chance
福,richesse
腹,abdomen
腹,ventre
複,duplication
複,copie
複,composé
複,multiple
複,compliqué
覆,recouvrir
覆,chavirer
覆,store
覆,manteau
覆,"être ruiné"
払,payer
払,nettoyer
払,tailler
払,bannir
払,"se débarrasser de"
沸,bouillonner
沸,bouillir
沸,fermenter
沸,exciter
沸,élever
仏,Bouddha
仏,France
仏,défunt
物,objet
物,chose
物,matière
分,portion
分,minute
分,section
分,part
分,degré
分,"son lot dans la vie"
分,comprendre
分,savoir
分,devoir
分,taux
分,1%
分,chances
分,"bu = 1/100 de shaku = 3.03 mm"
噴,éruption
噴,jaillir
噴,émettre
噴,gicler
墳,tombeau
墳,tumulus
憤,excité
憤,rancune
憤,indignation
憤,colère
奮,excitation
奮,stimulation
奮,tonifié
奮,épanoui
粉,farine
粉,poudre
粉,poussière
紛,emmêler
紛,confusion
紛,s'égarer
紛,détourner
雰,atmosphère
雰,ambiance
雰,brouillard
文,phrase
文,littérature
文,style
文,art
文,décoration
文,"figure (de style)"
文,plan
文,"radical littéraire (no. 67)"
聞,entendre
聞,écouter
聞,demander
丙,troisième
丙,"signe du 3ème tronc céleste"
併,"faire correspondre"
併,joindre
併,unir
併,cependant
併,simultané
兵,soldat
兵,"simple soldat"
兵,troupes
兵,armée
兵,guerre
兵,stratégie
兵,tactique
塀,barrière
塀,mur
塀,(kokuji)
幣,"espèces (argent)"
幣,"mauvaise habitude"
幣,"préfixe humble"
幣,don
幣,"offrande Shinto (papier, corde)"
幣,corde
幣,"papier découpé"
平,plan(e)
平,plat
平,paix
弊,mal
弊,abus
弊,vice
弊,"impropre à tout usage"
弊,humblement
柄,dessin
柄,motif
柄,construire
柄,nature
柄,manche
柄,poignée
柄,bouton
柄,manivelle
並,rangée
並,et
並,"en outre"
並,"de plus"
並,"faire la queue"
並,"mettre en rang"
並,rival
並,égal
閉,fermer
閉,clore
陛,"son altesse"
陛,"marches (du trône)"
米,"grain de riz"
米,Amérique
米,"un mètre"
頁,page
頁,feuille
壁,mur
壁,"paroi (estomac)"
壁,barrière
癖,manie
癖,"mauvaise habitude"
癖,vice
癖,"trait (caractère)"
癖,défaut
癖,frisé
別,séparer
別,spécialement
別,diverger
別,extra
別,"un autre"
偏,partial
偏,côté
偏,"radical gauche d'un kanji"
偏,incliné
偏,biais
変,insolite
変,étrange
変,changer
片,"simple face"
片,feuille
片,"radical côté droit (no. 91)"
編,compilation
編,tricoter
編,natte
編,tresse
編,éditer
編,"poème complet"
編,"partie d'un livre"
辺,environs
辺,frontière
辺,voisinage
返,rendre
返,répondre
返,s'estomper
返,rembourser
遍,partout
遍,-fois
遍,largement
遍,généralement
便,commodité
便,courrier
便,"vol (avion)"
便,nouvelles
勉,exercice
弁,éloquence
弁,valve
弁,pétale
弁,tresse
弁,dialecte
弁,discernement
弁,résoudre
弁,distinguer
保,protéger
保,garantir
保,garder
保,préserver
保,conserver
保,soutenir
舗,échoppe
舗,magasin
舗,étalage
捕,attraper
捕,capturer
歩,marcher
歩,"compteur de pas"
補,complément
補,supplément
補,améliorer
補,compenser
補,assistant
補,stagiaire
穂,épi
穂,pointe
穂,"crête (vague)"
募,recruter
募,"mener une campagne"
募,"appel (contributions)"
募,enrôler
募,"devenir violent"
墓,tombe
墓,tombeau
慕,"désir ardent"
慕,languir
慕,aimer
慕,adorer
暮,"mener sa vie"
暮,vivre
暮,"arriver à son terme"
暮,"coucher de soleil"
母,maman
母,mère
簿,registre
簿,"livre (comptes, annuaire)"
倣,imiter
俸,traitement
俸,salaire
包,emballer
包,envelopper
包,recouvrir
包,cacher
報,rapport
報,information
報,"faire savoir"
報,récompense
報,rétribution
奉,obéissance
奉,offrande
奉,présent
奉,"se consacrer"
宝,trésor
宝,richesses
宝,"objets de valeur"
峰,sommet
峰,pointe
峰,pic
崩,s'effondrer
崩,mourir
崩,démolir
崩,niveler
抱,"prendre dans les bras"
抱,étreindre
抱,embrasser
放,libérer
放,relâcher
放,renvoyer
放,enflammer
放,bannir
放,émettre
方,direction
方,personne
方,alternative
朋,compagnon
朋,ami
法,méthode
法,loi
法,règle
法,principe
法,modèle
法,système
泡,bulle
泡,mousse
泡,écume
砲,canon
砲,fusil
縫,coudre
縫,suturer
縫,broder
胞,placenta
胞,cavité
胞,gaine
芳,parfum
芳,embaumé
芳,parfumé
褒,éloge
褒,louer
訪,"rendre visite"
訪,demander
訪,rechercher
訪,accuser
訪,"présenter ses condoléances"
豊,abondance
豊,somptueux
豊,riche
邦,"pays natal"
邦,pays
邦,Japon
飽,saturé
飽,fatigué
飽,lassé
飽,rassasié
乏,insuffisant
乏,limité
乏,indigent
亡,décédé
亡,"feu ..."
亡,"mon regretté ..."
亡,mourir
亡,périr
亡,détruire
傍,observateur
傍,spectateur
傍,"à côté"
傍,"en outre"
傍,"pendant que"
傍,"tout près"
傍,"les autres"
剖,disséquer
剖,diviser
坊,garçon
坊,"prêtre bouddhiste"
坊,moine
坊,"résidence du moine"
妨,empêcher
妨,gêner
妨,obstruction
妨,déranger
妨,entraver
妨,"brouiller (radio)"
妨,saboter
帽,casquette
帽,couvre-chef
忘,oublier
忙,occupé
忙,affairé
忙,agité
房,pompon
房,touffe
房,frange
房,grappe
房,"boucle (cheveu)"
房,"quartier (orange)"
房,épouse
房,"chauffage / climatisation"
房,maison
房,chambre
暴,explosion
暴,rage
暴,agitation
暴,force
暴,violence
暴,cruauté
暴,outrage
暴,dévoiler
望,ambition
望,espoir
望,désir
望,"aspirer à"
望,"dominer (vue)"
望,contempler
望,"pleine lune"
某,untel
某,"un certain"
某,"cette personne"
棒,bâton
棒,baguette
棒,canne
棒,barre
棒,perche
棒,massue
棒,ligne
冒,risque
冒,affronter
冒,braver
冒,défier
冒,dommage
冒,"emprunter (un nom)"
紡,filage
肪,obèse
肪,graisse
肪,gras
肪,gros
膨,gonfler
膨,grossir
膨,épais
謀,conspirer
謀,tricher
謀,imposer
謀,concevoir
謀,plan
謀,projet
謀,"avoir dans l'idée"
謀,duper
貿,commerce
貿,négoce
貿,échanges
防,"prévenir (un danger)"
防,défendre
防,protéger
防,résister
北,nord
僕,"je (masculin)"
僕,moi
僕,serviteur
墨,"encre noire"
墨,"encre de Chine"
墨,"bâtonnet d'encre"
墨,Mexique
撲,battre
撲,claque
撲,frapper
撲,coup
撲,dire
撲,parler
朴,brut
朴,simple
朴,honnête
朴,docile
牧,élevage
牧,soigner
牧,berger
牧,nourrir
牧,pâturage
睦,intime
睦,amical
睦,harmonieux
没,sombrer
没,couler
没,cacher
没,immersion
没,disparaître
没,mourir
堀,canal
堀,fossé
堀,douves
幌,capote
幌,auvent
幌,rideau
奔,courir
奔,agitation
奔,précipitation
本,livre
本,présent
本,essentiel
本,origine
本,principal
本,réalité
本,vérité
本,"compteur d'objets allongés"
翻,voltiger
翻,"faire flotter (drapeau)"
翻,"changer de sens"
翻,"changer (d'opinion)"
凡,médiocre
盆,bassin
盆,"fête des lanternes (oBon)"
盆,plateau
摩,irriter
摩,gratter
摩,caresser
摩,frictionner
摩,polir
摩,moudre
磨,polir
磨,moudre
磨,récurer
磨,améliorer
磨,"brosser (dents)"
魔,sorcière
魔,démon
魔,"esprit malfaisant"
麻,chanvre
麻,lin
埋,enterrer
埋,"être rempli"
埋,enfoncé
妹,"soeur cadette"
枚,"feuille de"
枚,"compteur d'objets plats"
毎,chaque
幕,rideaux
幕,guirlande
幕,"acte (théâtre)"
膜,membrane
又,"ou encore"
又,"de plus"
又,"d'un autre côté"
抹,frotter
抹,enduire
抹,effacer
末,extrémité
末,fin
末,dernier
末,poudre
末,avenir
末,postérité
沫,éclaboussures
沫,"mousse (savon)"
迄,jusqu'à
迄,"pour autant que"
迄,"dans une certaine mesure"
繭,cocon
万,myriade
万,10000
慢,vanité
慢,paresse
慢,ridicule
満,remplir
満,assez
満,fier
満,satisfaire
漫,manga
漫,imprécis
漫,involontaire
漫,"à contre-coeur"
漫,corrompre
味,goût
味,saveur
未,non-
未,encore
未,"pas encore"
未,jusqu'ici
未,"même maintenant"
未,"signe de la 8ème branche terrestre"
未,"signe du Mouton (zodiaque)"
未,"13 à 15 heures"
魅,fasciner
魅,charmer
魅,ensorceler
巳,"signe de la 6ème branche terrestre"
巳,"signe du Serpent (zodiaque)"
巳,"9 à 11 heures du matin"
岬,"avancée de terre"
岬,cap
岬,pointe
岬,promontoire
密,secret
密,"densité (population)"
密,minutieux
密,consciencieux
蜜,miel
蜜,nectar
蜜,mélasse
脈,veine
脈,pouls
脈,"chaîne (montagne)"
脈,espoir
妙,bizarre
妙,surprenant
妙,mystère
妙,merveilleux
妙,excellent
妙,exquis
妙,délicat
妙,charmant
民,peuple
民,nation
民,citoyen
眠,dormir
眠,somnolent
眠,mourir
務,tâche
務,devoir
務,travail
夢,rêve
夢,vision
夢,illusion
無,néant
無,rien
無,"ne pas"
無,non
無,in-
無,négatif
矛,hallebarde
矛,armes
矛,"char de festival"
霧,brouillard
霧,brume
婿,fiancé
婿,gendre
娘,fille
名,nom
名,célèbre
名,fameux
名,réputation
命,destinée
命,destin
命,ordre
命,décret
命,vie
命,"nommer (à un poste)"
明,clair
明,lumière
盟,alliance
盟,serment
迷,s'égarer
迷,"être perplexe"
迷,hésiter
迷,perdu
迷,"se tromper"
迷,illusion
銘,"inscription (gravée)"
銘,"signature (d'un artisan)"
鳴,gazouiller
鳴,crier
鳴,aboyer
鳴,"pousser son cri (animal)"
鳴,sonner
鳴,écho
鳴,cacarder
滅,anéantir
滅,détruire
滅,ruiner
滅,renverser
滅,périr
免,excuser
免,licenciement
綿,coton
面,masque
面,face
面,traits
面,surface
模,imitation
模,copie
模,maquette
模,simulation
茂,"pousser dru"
茂,s'épaissir
茂,luxuriant
妄,illusion
妄,inutile
妄,"sans autorisation"
妄,imprudent
毛,pilosité
毛,pelage
毛,cheveux
毛,plumage
毛,duvet
猛,féroce
猛,fulminer
猛,"se ruer"
猛,"devenir furieux"
猛,sauvagerie
猛,force
盲,aveugle
盲,ignorant
網,filet
網,réseau
耗,décroître
木,arbre
木,"bois (matière)"
黙,silence
黙,"se taire"
黙,"laisser en l'état"
目,oeil
目,regard
目,aperçu
目,"numérateur ordinal"
目,expérience
目,classe
目,faveur
目,"pièce (Go)"
勿,"ne pas (négation)"
勿,"ne pas faire"
勿,"ne pas devoir"
勿,"ne pas être"
戻,revenir
戻,re-
戻,reprendre
戻,restaurer
戻,rendre
戻,"revenir en arrière"
貰,"recevoir (je reçois de toi)"
貰,avoir
貰,obtenir
問,question
問,demander
問,problème
紋,armoiries
紋,"motif (dessin)"
門,portail
門,"compteur de canons"
匁,"monme (3,75 g)"
匁,(kokuji)
夜,nuit
夜,soirée
野,sauvage
野,champ
野,rustique
野,"vie civile"
矢,fléchette
矢,flèche
厄,malchance
厄,infortune
厄,désastre
役,rôle
役,fonctions
役,guerre
役,campagne
役,corvée
役,poste
役,service
約,environ
約,promettre
約,abréger
約,raccourcir
薬,médicament
薬,"produit chimique"
薬,émail
薬,"poudre à canon"
薬,bénéfice
訳,traduire
訳,excuse
訳,cause
訳,circonstance
訳,cas
躍,bond
躍,danse
躍,sautiller
柳,saule
愉,plaisir
愉,joyeux
愉,agréable
油,huile
油,gras
癒,guérison
癒,guérir
癒,désaltérer
癒,assouvir
諭,réprimande
諭,admonestation
諭,conseiller
諭,prévenir
諭,persuader
輸,transporter
輸,envoyer
輸,"être inférieur (perdre)"
唯,seulement
唯,unique
唯,simplement
優,tendresse
優,gentillesse
優,exceller
優,surpasser
優,supériorité
優,acteur
勇,courage
勇,"être en verve"
勇,"remonter le moral"
勇,bravoure
勇,héroïsme
友,ami
幽,isoler
幽,confiné
幽,profond
幽,obscur
幽,isolé
幽,faible
幽,sombre
幽,tranquille
幽,calme
悠,éternité
悠,éloigné
悠,permanence
悠,tranquille
憂,mélancolie
憂,dépression
憂,chagrin
憂,lamentation
憂,triste
憂,anxieux
憂,malheureux
有,posséder
有,avoir
有,être
有,"arriver (se passer)"
猶,"en outre"
猶,"de plus"
猶,encore
由,"c'est pourquoi"
由,raison
由,cause
由,origine
由,grave
裕,abondant
裕,riche
裕,fertile
裕,opulent
裕,aisé
誘,inviter
誘,entraîner
誘,tenter
誘,inciter
誘,séduire
誘,charme
遊,jouer
郵,courrier
郵,"relais de poste"
雄,mâle
雄,masculin
雄,héros
雄,chef
雄,supériorité
雄,excellence
融,dissoudre
融,fondre
夕,soirée
予,auparavant
予,"à l'avance"
予,moi
予,je
余,trop
余,moi-même
余,surplus
余,autre
余,reste
与,donner
与,conférer
与,"participer à"
与,décerner
与,fournir
与,cause
与,don
与,"don du ciel"
誉,réputation
誉,louanges
誉,honneur
誉,gloire
預,dépôt
預,garde
預,"laisser avec"
預,confier
幼,enfance
幼,"tendre enfance"
容,contenir
容,"forme (état de santé)"
容,apparence
庸,banal
庸,ordinaire
庸,emploi
揚,hisser
揚,frire
揺,balancer
揺,secouer
揺,osciller
揺,trembler
揺,vibrer
擁,étreindre
擁,"prendre dans les bras"
擁,posséder
擁,protéger
擁,diriger
曜,"jour de la semaine"
様,"Monsieur, Madame"
様,apparence
様,manière
様,sorte
様,état
様,"suffixe de politesse"
洋,océan
洋,"style occidental"
溶,fondre
溶,dissoudre
用,"se servir de"
用,affaires
用,service
用,utiliser
用,employer
窯,four
窯,"four à poterie"
窯,fournaise
羊,mouton
葉,feuille
葉,lobe
葉,aiguille
葉,"brin (herbe)"
葉,fragment
葉,"compteur d'objets plats"
要,besoin
要,"point principal"
要,pivot
要,essentiel
要,"point clef"
謡,chanter
謡,"chant Noh"
踊,danser
踊,saut
踊,bond
踊,sautiller
陽,Yang
陽,soleil
陽,"éclat solaire"
陽,positif
陽,mâle
陽,paradis
陽,journée
養,nourrir
養,élever
養,cultiver
養,soigner
養,développer
抑,répression
抑,bon..!
抑,maintenant
抑,"en premier lieu"
抑,pousser
抑,presser
抑,sceau
抑,"faire en dépit de"
欲,désirer
欲,convoitise
欲,avidité
欲,passion
欲,besoin
浴,bain
浴,"dorer (au soleil)"
浴,"bénéficier de"
翌,suivant
翌,"celui d'après"
翼,aile
翼,avion
翼,flanc
羅,gaze
羅,"soie fine"
羅,Rome
裸,nudité
裸,nu
裸,découvert
裸,"partiellement habillé"
来,venir
来,"dû à"
来,suivant
来,causer
来,devenir
頼,confiance
頼,demande
雷,tonnerre
雷,foudre
絡,enlacer
絡,entrelacer
絡,"s'enrouler autour"
絡,"s'empêtrer dans"
落,tomber
落,chute
落,perdre
酪,"produits laitiers"
酪,petit-lait
酪,bouillon
酪,"jus de fruits"
乱,tumulte
乱,émeute
乱,troubles
乱,désordre
乱,guerre
乱,confusion
卵,oeuf
卵,frai
嵐,tempête
欄,"colonne de journal"
欄,rampe
欄,blanc
欄,espace
濫,débordement
濫,excessif
濫,"se répandre"
蘭,Hollande
蘭,orchidée
覧,lecture
覧,voir
覧,"prendre connaissance"
利,profit
利,avantage
利,bénéfice
吏,fonctionnaire
吏,préposé
履,chausser
履,enfiler
履,chaussures
履,bottes
履,expérience
梨,poire
理,logique
理,principe
理,raison
理,justice
理,vérité
痢,diarrhée
裏,arrière
裏,revers
裏,verso
裏,intérieur
裏,semelle
裏,paume
裏,envers
裏,doublure
裏,"mauvais côté"
里,hameau
里,"village natal"
里,"maison de ses parents"
里,"ri (3965 mètres)"
離,séparer
離,détacher
離,diviser
離,s'écarter
陸,continent
陸,six
律,rythme
律,ordonner
律,loi
律,régulation
律,contrôle
律,jauge
率,taux
率,rapport
率,proportion
率,%
率,coefficient
率,facteur
立,debout
略,abréviation
略,omission
略,résumé
略,raccourcir
略,capture
略,pillage
流,courant
流,style
流,mode
流,évier
流,flux
流,"confisquer (un article en gage)"
留,retenir
留,attacher
留,rester
留,s'arrêter
硫,soufre
粒,grain
粒,goutte
粒,"compteur de particules"
隆,protubérance
隆,haut
隆,noble
隆,prospérité
竜,dragon
竜,impérial
慮,prudence
慮,idée
慮,sollicitude
慮,considérer
慮,délibérer
慮,peur
旅,voyage
虜,captif
虜,esclave
虜,barbare
虜,"épithète péjorative pour l'ennemi"
了,achevé
了,fini
僚,collègue
僚,compagnon
僚,fonctionnaire
両,"les deux"
両,2
両,"ryou (ancienne monnaie)"
両,"compteur de wagons"
寮,dortoir
寮,foyer
寮,pavillon
寮,"pavillon de thé"
料,redevance
料,recette
料,frais
料,prix
料,matériau
涼,rafraîchissant
涼,frais
猟,"chasse sportive"
猟,tir
猟,jeu
猟,sac
療,soins
療,traitement
糧,provisions
糧,vivres
糧,nourriture
糧,pain
良,bon
良,plaisant
良,habile
量,quantité
量,mesure
量,poids
量,"étudier (situation)"
量,estimation
量,conjecture
陵,mausolée
陵,"tombe impériale"
領,domaine
領,juridiction
領,territoire
領,fief
力,force
力,fort
力,puissance
力,tension
力,"tenir le coup"
力,s'efforcer
力,"employer (force)"
緑,vert
倫,éthique
倫,camarade
厘,"un petit peu"
厘,fifrelin
厘,"1/10 de sen = 0.001 yen"
厘,"1/10 de bu = 0.303 cm"
林,"bois (petite forêt)"
林,bois
臨,"faire face à"
臨,rencontrer
臨,affronter
臨,"assister à"
臨,"passer voir"
臨,"se rendre sur place"
臨,exceptionnel
輪,roue
輪,anneau
輪,cercle
輪,maillon
輪,boucle
輪,"compteur de roues ou fleurs"
隣,voisin
塁,bases
塁,fort
塁,rempart
塁,murs
塁,"base (base-ball)"
涙,larme
涙,compassion
累,amasser
累,implication
累,ennuis
累,liens
累,continuellement
類,sorte
類,variété
類,classe
類,genre
令,ordre
令,"anciennes lois"
令,décret
例,exemple
例,coutume
例,usage
例,précédent
冷,froid
冷,"fraîche (bière)"
冷,"froide (personne)"
冷,refroidir
励,encourager
励,"être appliqué"
励,"pousser à"
礼,salut
礼,courbette
礼,cérémonie
礼,remerciements
礼,rémunération
鈴,clochette
鈴,sonnerie
隷,esclave
隷,serviteur
隷,prisonnier
隷,criminel
隷,adepte
零,zéro
零,"se répandre"
零,déborder
零,rien
零,code
霊,esprits
霊,âmes
麗,charmant
麗,beau
麗,belle
麗,jolie
齢,âge
暦,calendrier
暦,almanach
歴,historique
歴,curriculum
歴,continuation
歴,"passage du temps"
列,file
列,rang
列,colonne
列,queue
劣,infériorité
劣,"inférieur à"
劣,"être moins bon que"
烈,ardent
烈,véhément
烈,furieux
烈,violent
烈,sévère
烈,extrême
裂,fente
裂,déchirer
裂,arracher
廉,"bonne affaire"
廉,raison
廉,charge
廉,suspicion
廉,"pas cher"
廉,point
廉,compte
廉,pureté
廉,honnête
廉,reposé
廉,satisfait
廉,paisible
恋,chérir
恋,amour
恋,idylle
恋,languir
恋,manquer
練,pratiquer
練,lustrer
練,s'exercer
練,s'entraîner
練,perfectionner
練,peaufiner
連,emmener
連,"se mettre en rang"
連,s'unir
連,série
連,parti
連,bande
連,clique
錬,endurcir
錬,améliorer
錬,entrainer
錬,perfectionner
錬,écrouir
呂,"colonne vertébrale"
呂,"épine dorsale"
呂,"grand bâtiment"
炉,fournaise
炉,foyer
炉,four
炉,réacteur
路,chemin
路,route
路,distance
露,rosée
露,larmes
露,dévoiler
露,Russie
労,labeur
労,"remerciement pour"
労,"récompense pour"
労,"être plein d'attentions"
労,soucis
廊,couloir
廊,hall
廊,tour
朗,radieux
朗,brillant
朗,clair
朗,mélodieux
朗,serein
朗,joyeux
楼,"tour de guet"
楼,"poste de guet"
楼,"tour (immeuble)"
浪,ondes
浪,vagues
浪,flots
漏,"fuite (eau, toit)"
漏,"s'échapper (gaz)"
漏,temps
老,vieillard
老,âgé
老,vieillir
郎,"fils (enfant)"
郎,"compteur de fils"
六,six
録,enregistrer
論,argumentation
論,discours
和,harmonie
和,"style japonais"
和,paix
和,adoucir
和,Japon
話,parler
話,histoire
賄,corruption
賄,pot-de-vin
賄,nourrir
賄,fourniture
賄,préparation
賄,payer
脇,flanc
脇,aisselle
脇,"de côté (regard)"
脇,"ailleurs (regard)"
脇,"second rôle"
惑,égarer
惑,perplexité
惑,séduire
枠,cadre
枠,structure
枠,bobine
枠,"bounding box (graph.)"
枠,(kokuji)
亘,durée
亘,"s'étendre (espace)"
亘,demande
湾,golfe
湾,baie
湾,crique
腕,bras
腕,aptitude
腕,talent
匕,cuiller
匕,"radical cuiller ou katakana hi (no. 21)"
嬌,attirante
戌,"signe de la 11ème branche terrestre"
戌,"signe du Chien (zodiaque)"
戌,"19 à 21 heures"
曰,dixit
曰,selon
曰,raison
曰,prétexte
曰,histoire
曰,passé
曰,"radical soleil plat (no. 73)"
