亜,Ásia
亜,próxima
亜,"o que vem depois"
亜,-ous
哀,patético
哀,pesar
哀,pena
哀,emoção
哀,compaixão
哀,solidariesar
愛,amor
愛,afeição
愛,favorito
悪,mal
悪,ruim
悪,falso
悪,mau
悪,errado
握,agarrar
握,segurar
握,"moldar sushi"
握,suborno
圧,pressão
圧,empurrar
圧,inundar
圧,oprimir
圧,dominar
扱,cabo
扱,entreter
扱,debulhar
扱,desnudar
安,relaxar
安,calmo
安,baixo
安,barato
安,descansado
安,pacífico
安,satisfeito
暗,escuridão
暗,desaparecer
暗,sombra
暗,informal
暗,escurecer
暗,cegar
案,plano
案,sugestão
案,esboço
案,ponderar
案,medo
案,proposição
案,idéia
案,expectativa
案,conta
案,preocupar
以,"Por meios de"
以,porque
以,"em visão de"
以,"comparada com"
位,posição
位,grau
位,trono
位,coroa
位,sobre
位,alguma
依,confiante
依,"contar com"
依,consequentemente
依,portanto
依,"devido para"
偉,admirável
偉,grandeza
偉,notável
偉,conceituado
偉,excelente
偉,famoso
囲,circundar
囲,sitiar
囲,loja
囲,paliçada
囲,cerca
囲,preservar
囲,guardar
委,comitê
委,"confiar a"
委,"deixar para"
委,dedicar
委,descartar
威,intimidar
威,dignidade
威,majestade
威,ameaça
威,ameaçar
尉,"oficial militar"
尉,carcereiro
尉,velho
尉,posição
意,idéia
意,mente
意,coração
意,gosto
意,pensamento
意,desejo
意,atenção
慰,consolo
慰,divertimento
慰,sedução
慰,torce
慰,"levar na esportiva"
慰,conforto
慰,consolar
易,Fácil
易,"ler a sorte"
易,"pronto para"
易,simples
易,advinhação
為,mudança
為,benefício
為,bem-estar
為,"é de uso"
為,tentativa
為,prática
為,custo
為,"servir para"
為,bom
為,vantagem
為,"como um resultado de"
異,incomum
異,esquisito
異,estranho
異,raro
異,curioso
異,maravilhoso
移,trocar
移,mover
移,mudança
移,rumo
移,"pegar (fogo)"
移,"passar (frio)"
移,passar
維,fibra
維,laço
維,corda
緯,horizontal
緯,trama
緯,"esquerda & direita"
緯,latitude
胃,estômago
胃,barriga
胃,colheita
胃,"papo de ave"
衣,vestuário
衣,roupas
衣,vestindo
違,diferença
違,diferir
遺,legar
遺,"deixar para trás"
遺,reservar
医,doutor
医,remédio
井,bem
域,série
域,região
域,limites
域,estágio
域,nível
育,educar
育,crescer
育,levantar
育,elevar
一,um
壱,Um
逸,desviar-se
逸,indolência
逸,lazer
逸,"perder o ponto"
逸,escapar
逸,evitar
逸,"desviar um golpe"
逸,divergir
稲,"planta de arroz"
芋,batata
印,selo
印,carimbo
印,marca
印,símbolo
印,emblema
印,"marca registrada"
印,evidência
印,lembrança
印,Índia
員,empregado
員,membro
員,número
員,encarregado
因,causa
因,fator
因,"seja associado com"
因,"contar com"
因,"ser limitado para"
姻,matrimônio
姻,casa
引,puxar
引,rebocar
引,sacudir
引,permitir
引,instalar
引,citação
引,referir-se
飲,beber
飲,fumar
飲,tomar
院,instituição
院,templo
院,mansão
院,escola
陰,matiz
陰,yin
陰,negativa
陰,"órgões sexuais"
陰,segredo
陰,sombra
隠,esconder
隠,esconderijo
隠,capa
韻,rime
韻,elegância
韻,tom
右,Direita
宇,"Beira de telhado"
宇,teto
宇,casa
宇,paraíso
羽,penas
羽,"sufixo para contagem de pássaros"
羽,coelhos
雨,chuva
渦,redemoinho
渦,turbilhão
浦,baía
浦,riacho
浦,"pequena baía"
浦,golfo
浦,praia
浦,costa
運,carregar
運,sorte
運,destino
運,objetivo
運,transportar
運,progresso
運,avanço
雲,nuvem
営,ocupação
営,acampamento
営,desempenhar
営,construção
営,"conduta (negócios)"
影,sombra
影,silhueta
影,fantasma
映,reflitir
映,reflexão
映,projeção
栄,florescer
栄,prosperidade
栄,honra
栄,glória
栄,esplendor
永,eternidade
永,ambicionar
泳,nadar
英,Inglaterra
英,Inglês
衛,defesa
衛,proteção
詠,recital
詠,poema
詠,canção
詠,composição
鋭,apontar
鋭,afiar
鋭,fio
鋭,arma
鋭,violento
鋭,afiado
液,fluido
液,líquido
液,suco
液,graxa
液,secreção
疫,epidemia
益,benefício
益,ganho
益,lucro
益,vantagem
駅,estação
悦,êxtase
悦,prazer
謁,platéia
謁,"audiência (com o rei)"
越,superar
越,exceder
越,Vietnã
閲,revier
閲,inspeção
閲,revisão
円,círculo
円,iene
円,redondo
園,parque
園,jardim
園,quintal
園,fazenda
宴,banquete
宴,festa
延,prolongar
延,esticar
援,encorajar
援,ajudar
援,salvar
沿,"correr ao lado"
沿,"seguir ao longo"
沿,beira
沿,"estar ao longo"
演,performance
演,ato
演,jogo
演,fazer
演,estágio
炎,inflamação
炎,chama
炎,fogo
煙,fumaça
猿,Macaco
縁,afinidade
縁,relação
縁,conexão
縁,margem
縁,borda
縁,limite
縁,extremidade
遠,distante
遠,longe
鉛,primazia
塩,Sal
汚,sujo
汚,poluir
汚,desgraça
汚,estupro
汚,sujar
凹,côncavo
凹,concavidade
凹,afundado
央,centro
央,médio
奥,coração
奥,interior
往,viagem
往,"caça embora"
往,"deixada ir"
往,indo
応,Candidatar-se
応,resposta
応,sim
応,OK
応,aceitar
押,empurrar
押,parada
押,checar
押,subjugar
押,anexar
押,prender
押,peso
押,imprensa
押,carimbo
押,"fazer apesar de"
横,"De lado"
横,lado
横,horizontal
横,largura
横,"trama (tecidos)"
欧,Europa
殴,assalto
殴,ataque
殴,batida
殴,bater
王,rei
王,regra
王,magnata
王,governo
翁,"velho venerável"
黄,amarelo
沖,"oceano aberto"
沖,"mar aberto"
沖,"subir no ceú"
億,"cem milhões"
億,"10 elevado a 8"
屋,teto
屋,casa
屋,loja
屋,negociante
屋,vendedor
憶,lembrança
憶,pensar
憶,recordar
乙,"o último"
乙,duplicar
乙,engenhoso
乙,estranho
卸,"venda por atacado"
恩,graça
恩,gentileza
恩,bondade
恩,favor
恩,misericórdia
恩,benção
恩,benefício
温,morno
穏,calma
穏,tranquilidade
穏,moderação
音,som
音,barulho
下,baixo
下,abaixo
下,descende
下,inferior
下,sub
下,sob
化,mudança
化,"tomar a forma de"
化,influência
化,encantar
化,iludir
化,seduzir
化,-isação
仮,fingimento
仮,temporário
仮,interim
仮,"assumido (nome)"
仮,informal
何,que
価,valor
価,preço
佳,bom
佳,belo
佳,excelente
佳,agradável
佳,hábil
加,somar
加,adição
加,aumento
加,unir
加,incluir
加,Canadá
可,aceitável
可,"não deve não"
可,faz
夏,verão
嫁,Casar
嫁,noiva
家,casa
家,lar
寡,viúva
寡,minoria
寡,poucos
科,departamento
科,curso
科,seção
暇,"tempo livre"
暇,descanso
暇,lazer
暇,tempo
暇,ausência
果,fruta
果,recompensa
果,"levar a cabo"
果,alcançar
果,completar
果,fim
果,bem-sucedido
架,eregir
架,moldura
架,monte
架,apoio
架,prateleira
架,construir
歌,canção
歌,cantar
河,rio
火,fogo
禍,calamidade
禍,desgraça
禍,mal
禍,maldição
稼,salário
稼,trabalhar
稼,"ganhar dinheiro"
箇,"sufixo para contagem de coisas em geral"
花,flor
荷,bagagem
荷,"pau para carregar no ombro"
荷,"carregar (carga)"
荷,"carregar (arma)"
荷,carga
華,esplendor
華,flor
華,pétala
華,brilho
華,lustre
華,ostentação
華,gritante
華,alegre
華,maravilhoso
菓,doce
菓,bolos
菓,frutas
課,capítulo
課,lição
課,seção
課,departamento
課,divisão
課,"sufixo para contagem de capítulos (de um livro)"
貨,frete
貨,bens
貨,propriedade
過,sobrepujar
過,exceder
過,"ir além de"
過,erro
蚊,mosquito
我,ego
我,Eu
我,egoísta
我,nosso
我,"a si próprio"
画,gravura
芽,botão
芽,broto
芽,brotar
芽,"germe (planta)"
賀,congratulações
賀,prazer
雅,elegante
雅,benévolo
雅,gracioso
雅,refinado
餓,"Morrer de fome"
餓,"com fome"
餓,sede
介,"comprimir em"
介,marisco
介,meio
介,"interessa a si próprio com"
会,encontro
会,reunião
会,festa
会,associação
会,entrevista
会,une
解,solucionar
解,notas
解,chave
解,explicação
解,compreensão
解,desamarrar
解,desfazer
解,resolveer
解,resposta
解,cancelar
解,absolver
解,explicar
解,deta
回,-vêzes
回,redondo
回,jogo
回,revolver
回,"sufixo para contagem de para ocorrências"
回,girar
塊,grumo
塊,montículo
塊,reboco
塊,coágulo
塊,massa
壊,demolição
壊,quebrar
壊,destruir
快,confortável
快,agradável
快,alegre
怪,Suspeito
怪,mistério
怪,aparição
悔,Arrepender-se
悔,lamentar
懐,bolso
懐,sentimentos
懐,coração
懐,saudades
懐,"sentir saudades"
懐,"torna-se ligado a"
懐,seio
懐,peitos
戒,mandamentos
拐,seqüestrar
拐,falsificar
改,reforma
改,mudança
改,modificar
改,umsertar
改,renovar
改,examinar
改,inspecionar
改,pesquisar
械,artefato
械,trava
械,máquina
械,instrumento
海,oceano
海,mar
灰,cinzas
灰,"suco adstringente"
灰,cremar
界,mundo
皆,todo
皆,tudo
絵,gravura
絵,desenho
絵,pintura
絵,esboço
開,abrir
開,desdobrar
開,deslacrar
階,"Andar de edifícios"
階,grau
階,"sufixo para contagem de andares de um edifício"
貝,Marisco
貝,conchas
劾,censura
劾,"investigação criminal"
外,Exterior
害,dano
害,injúria
慨,arrependimento
慨,entristecer-se
慨,suspiro
慨,lamento
概,contorno
概,condição
概,aproximação
概,geralmente
涯,horizonte
涯,costa
街,bulevar
街,rua
街,cidade
該,"Acima declarado"
該,"o dito"
該,"isso específico"
垣,barreira
垣,cerca
垣,parede
嚇,ameaça
嚇,dignidade
嚇,majestade
嚇,ameaçar
各,cada
各,todo
各,"um ou outro"
拡,alargar
拡,extender
拡,expandir
格,condição
格,posição
格,capacidade
格,caracter
格,"caso (lei"
格,gramática)
核,núcleo
核,centro
核,cerne
殻,casca
殻,"concha de noz"
獲,prender
獲,obter
獲,achar
獲,ganhar
獲,adquirir
獲,poder
獲,"ser capaz de"
確,garantia
確,firme
確,sólido
確,duradouro
確,apertado
確,confirmar
確,limpar
確,evidente
穫,colheita
穫,colher
覚,memorizar
覚,aprender
覚,recordar
覚,acordar
覚,"ficar sóbrio"
角,ângulo
角,canto
角,chifre
較,contraste
較,comparar
郭,cercado
郭,quarteirão
郭,fortificação
郭,"bairro das prostitutas"
閣,torre
閣,"edifício alto"
閣,palácio
隔,isolar
隔,alternar
隔,distância
隔,separar
隔,golfo
革,couro
革,"torna-se sério"
革,pele
革,esconder
革,pelêgo
学,estudo
学,aprendizagem
学,ciência
岳,ponto
岳,pico
岳,montanha
楽,música
楽,conforto
楽,facilidade
額,testa
額,tablete
額,placa
額,"quadro emoldurado"
額,soma
額,quantia
額,volume
掛,pendurar
掛,suspender
掛,depender
掛,chegar
掛,imposto
潟,lagoa
割,proporção
割,comparativamente
割,divide
割,corte
割,separa
割,parte
喝,rouco
喝,ralhar
括,fechar
括,amarrar
括,prisão
括,constranger
活,vivo
活,resuscitação
活,existência
活,"ser ajudado"
活,vida
渇,sede
渇,seca
渇,ressecar-se
滑,Escorregadio
滑,deslizar
滑,escorregar
滑,falhar
褐,marrom
褐,"kimono felpudo"
轄,controlar
轄,cunha
且,outrossim
且,também
且,"além disso"
株,Tora
株,tronco
株,"sufixo para contagem de para pequenas plantas"
刈,corte
刈,acerto
刈,aparar
乾,seca
乾,dessecar
乾,evaporar
乾,paraíso
乾,imperador
冠,coroa
冠,melhor
冠,inigualável
寒,Frio
刊,publicar
刊,gravar
刊,cunhar
勘,intuição
勘,percepção
勧,persuadir
勧,recomendar
勧,aconselhar
勧,emcorajar
勧,oferecer
巻,rolo
巻,volume
巻,livro
巻,parte
巻,enrolar
巻,laço
巻,mola
巻,"sufixo para contagem de para textos (em livros)"
喚,Gritar
喚,choro
喚,grito
堪,Opor-se
堪,suportar
堪,apoiar
堪,resistir
完,perfeito
完,acabamento
完,fim
官,burocracia
官,"o governo"
寛,tolerante
寛,leniente
寛,generosidade
寛,relaxar
寛,"à vontade"
寛,"mente aberta"
干,sêco
干,ressecar
幹,"Tronco de árvore"
患,aflição
患,doença
患,"sofrer de"
患,"estar mal"
感,emoção
感,sentimento
感,sensação
慣,acostumado
慣,"acostuma-se a"
慣,"torna-se experimentado"
憾,remorso
憾,pesar
憾,"estar triste"
換,trocar
換,turno
換,carga
換,mudar
敢,ousar
敢,frágil
敢,lamentável
敢,trágico
敢,triste
敢,franzino
棺,"Caixão fúnebre"
棺,"caixa fechada"
款,Boa-vontade
款,artigo
款,seção
款,amizade
款,conivência
歓,deleite
歓,prazer
汗,suar
汗,transpirar
漢,Sino-
漢,China
環,argola
環,círculo
環,elo
環,roda
甘,doce
甘,seduzir
甘,mimar
甘,contentar
甘,açucarado
監,fiscalizar
監,oficial
監,"escritório do govêrno"
監,governar
監,administrar
看,Observar
看,superviosionar
管,flauta
管,tubo
管,"instrumento de sopro"
管,"conversa de bêbados"
簡,simplicidade
簡,brevidade
緩,afrouxar
緩,relaxar
緩,diminuir
緩,moderar
緩,facilitar
缶,Lata
缶,pote
缶,recipiente
肝,fígado
肝,vísceras
肝,nervo
肝,chutzpah
艦,"navio de guerra"
観,perspectiva
観,olhar
観,aparecimento
観,condição
観,visão
貫,furar
貫,"medida de peso com 8 1/ 3 lbs"
貫,penetrar
貫,gancho
還,devolver
還,voltar
鑑,espécime
鑑,"se precaver"
鑑,"aprender o"
間,intervalo
間,espaço
閑,lazer
関,conexão
関,obstáculo
関,passagem
関,emvolver
関,concernente
陥,colapso
陥,desmoronar
陥,ruir
陥,"queda (castelo)"
陥,deslizamento
館,edifício
館,mansão
館,"edifício grande"
館,palácio
丸,arredondar
丸,cheio
丸,mês
丸,perfeição
丸,-nave
丸,pílulas
丸,"espiral para cima"
丸,seduzir
含,incluir
含,"ter em conta"
含,compreender
含,"tratar com carinho"
岸,Praia
眼,"globo ocular"
岩,rochedo
岩,rocha
岩,penhedo
頑,tolo
頑,teimoso
頑,firmamente
顔,rosto
顔,expressão
願,petição
願,solicitação
願,voto
願,desejo
願,esperança
企,empreenda
企,esquema
企,projeto
企,tentativa
企,plano
危,perigoso
危,medo
危,desconforto
喜,Alegrar-se
喜,"ter prazer em"
器,utensilio
器,vasol
器,receptaculo
器,implementar
器,instrumento
器,capacidade
器,recipiente
器,ferramenta
器,conjunto
基,fundamentais
基,"radicais (Quim.)"
基,"comtador para máquinas"
基,fundação
奇,estranho
奇,estranheza
奇,curiousidade
寄,aproximar
寄,juntar
寄,colecionar
寄,enviar
寄,adiantar
岐,"ramo cortado"
岐,bifurcação
岐,cena
岐,arena
岐,teatro
希,esperança
希,pedir
希,solicitação
希,implorar
希,Grécia
希,"diluir (ácido)"
希,raro
希,poucos
希,fenomenal
幾,quantos
幾,quanto
幾,"quão longe"
幾,"quanto tempo"
忌,luto
忌,odiar
忌,detestável
忌,"aniversário de morte"
揮,agitar
揮,onda
揮,sacudir
揮,balançar
揮,mexer
机,mesa
机,escrivaninha
旗,"bandeira nacional"
旗,bandeira
旗,padrão
既,previamente
既,já
既,"há muito tempo"
期,período
期,tempo
期,data
期,termo
棋,"peça de xadrez"
棋,"xadrez Japonês"
棋,shogi
棄,desembaraço
棄,gastar
棄,descartar
棄,"pedir demissão"
棄,rejeitar
棄,sacrifício
機,mecanismo
機,oportunidade
機,ocasião
機,máquina
機,avião
帰,"Retôrno a casa"
帰,"chegar em"
帰,conduzir-se
帰,resultar
気,espírito
気,mente
汽,vapor
祈,orar
祈,rogar
季,estações
紀,crônica
紀,contos
紀,narrativa
紀,história
紀,anais
紀,"período geológico"
規,padrão
規,medida
記,escriba
記,contar
記,narrativa
記,narrar
貴,precioso
貴,valor
貴,prêmio
貴,estima
貴,honra
起,despertar
起,acordar
起,levantar
軌,"Sulco de rodas"
軌,roda
軌,trilha
軌,modelo
軌,caminho
輝,brilho
輝,luzir
輝,centelha
輝,faiscar
輝,piscar
飢,faminto
飢,"morrer de fome"
騎,cavaleiro
騎,equitação
騎,"sufixo para contagem de cavalos"
鬼,fantasma
鬼,diabo
鬼,demônio
偽,falsidade
偽,mentira
偽,enganar
偽,fingir
偽,falsificação
儀,cerimônia
儀,regra
儀,romance
儀,caso
儀,"uma matéria"
宜,"melhores cumprimentos"
宜,bons
戯,brincadeira
戯,jogo
戯,esporte
技,habilidade
技,arte
技,ofício
技,capacidade
技,façanha
技,performance
技,vocação
技,artes
擬,imitar
擬,"alvo (uma arma)"
擬,nomear
擬,imita
欺,engano
欺,fraude
欺,iludir
犠,Sacrifício
疑,dúvida
疑,desconfiança
疑,"é suspeito"
疑,pergunta
義,retidão
義,justiça
義,moralidade
義,honra
義,lealdade
義,significado
議,deliberação
議,consulta
議,debate
議,consideração
菊,crisântemo
吉,"boa sorte"
吉,prazer
吉,congratulações
喫,consumir
喫,comer
喫,beber
喫,fumar
喫,"receber um golpe"
詰,empacotado
詰,fechar
詰,pressionar
詰,reprovar
詰,repreender
詰,culpa
却,"ao invés"
却,"ao contrário"
却,melhor
客,convidado
客,visitante
客,cliente
脚,derrapagens
脚,perna
脚,armação
虐,tiranizar
虐,oprimir
逆,invertido
逆,inverter
逆,travesso
逆,contrário
丘,morro
丘,colina
久,"tempo longo"
久,"estória antiga"
休,descanso
休,"dia desligado"
休,aposentar
休,sono
及,"alcance fora"
及,exerce
及,exercício
吸,chupar
吸,inalar
吸,sugar
宮,"Templo Shinto"
宮,constelação
宮,palácio
宮,princesa
弓,arquear
弓,"arco (arma"
弓,violino)
急,apressar
急,emergência
急,repentina
救,salvação
救,salva
救,ajudar
救,resgatar
救,reivindicar
朽,decair
朽,apodrecer
朽,"permanecer recluso"
求,solicitação
求,desejar
求,"deseja para"
求,requer
求,demanda
泣,choro
泣,chorar
泣,lamento
球,bola
球,esfera
究,pesquisa
究,estudo
窮,endurecer
窮,destituído
窮,sofrer
窮,"criar obstáculos"
窮,encurralar
級,classe
級,posição
級,grau
糾,torcer
糾,perguntar
糾,investigar
糾,verificar
給,salário
給,pagamento
給,presente
給,permitir
給,bolsa
給,prover
旧,"tempos antigos"
旧,"coisas antigas"
旧,"amigo velho"
旧,ex-
旧,anteriores
牛,Vaca
去,foi
去,passado
去,deixar
去,passar
去,eliminar
去,divórcio
居,residir
居,existir
居,"viver com"
巨,grande
巨,enorme
巨,gigantesco
拒,repelir
拒,recusar
拒,rejeitar
拒,decadência
拠,"apoio para os pés"
拠,"baseado em"
拠,segue
拠,portanto
挙,levantar
挙,plano
挙,projeto
挙,comportamento
挙,ações
虚,vazio
虚,vacuidade
虚,despreparo
虚,abertura
虚,fissura
虚,falsidade
許,permitir
許,aprovar
距,"Longa distância"
漁,pesca
漁,pescaria
魚,peixe
享,receber
享,sofrer
享,"atender (telefone)"
享,tomar
享,obter
享,pegar
京,capital
京,"10 elevado a 16"
供,submeter
供,oferecer
供,presentear
供,"servir (refeição)"
供,acompanhar
競,imitar
競,"competir com"
競,oferta
競,"vender em leilão"
競,disputa
競,competição
競,corrida
共,juntamente
共,"ambos (em afirm.)"
共,"nenhum (em neg.)"
共,todo
共,e
共,"da mesma forma"
共,com
凶,vilão
凶,mau
凶,"sorte ruim"
凶,desastre
協,co-
協,cooperação
叫,grito
叫,exclamar
叫,gritar
境,limite
境,borda
境,região
峡,"Garganta (montanha)"
峡,ravina
強,Forte
強,poderoso
強,forçar
恐,medo
恐,temer
恐,temor
恭,respeito
恭,reverencia
挟,"Um pouco"
挟,entre
教,ensinar
教,fé
教,doutrina
橋,ponte
況,condição
況,situação
狂,lunático
狂,louco
狂,insano
狂,confundir
狭,limitar
狭,estreitar
狭,contrair
狭,apertar
矯,retificar
矯,endireitar
矯,corrigir
矯,reformar
矯,curar
矯,controlar
矯,fingir
矯,falsificar
胸,seio
胸,peito
胸,tórax
胸,coração
胸,sentimentos
脅,ameaçar
脅,coagir
興,entreter
興,reviver
興,recuperar
興,interesse
興,prazer
郷,"cidade natal"
郷,aldeia
郷,"lugar de nascimento"
郷,distrito
鏡,espelho
鏡,espéculo
鏡,"cano principal"
鏡,"oferenda de bolinho de arroz"
響,eco
響,som
響,ressoar
響,argola
響,vibrar
驚,maravilha
驚,"ser surpreendido"
驚,assustadoa
驚,assombrado
驚,maravilhar-se
仰,"Rosto para cima"
仰,melhorar
仰,depender
仰,procurar
仰,respeito
仰,rever
仰,tomar
凝,congelar
凝,geada
凝,rígida
凝,"seja absorvida em"
暁,aurora
暁,amanhecer
暁,"no evento"
業,negócios
業,vocação
業,artes
業,performance
局,junta
局,escritório
局,caso
局,conclusão
局,"dama da corte"
局,amante
局,"apartamento dela"
曲,tender
曲,música
曲,melodia
曲,composição
曲,prazer
曲,injustiça
曲,falta
曲,curva
曲,tortuoso
曲,perverso
曲,inclinar
極,postes
極,acordo
極,conclusão
極,fim
極,"a mais alta posição"
極,"postes elétricos"
極,muitos
極,extremamente
極,maior
極,altamente
極,"10 elevado a48"
玉,jóia
玉,bola
玉,gota
勤,diligência
勤,"tornar-se empregado"
勤,servir
均,nível
均,média
斤,machado
斤,"1.32 lb"
斤,felino
琴,harpa
琴,"koto (mus.)"
禁,proibição
禁,proibir
禁,banir
筋,músculo
筋,tendão
筋,nervo
筋,fibra
筋,desenho
筋,plano
筋,descendência
緊,tenso
緊,apertado
緊,"de confiança"
緊,duro
緊,sólido
菌,germe
菌,fungo
菌,bactérias
襟,colarinho
襟,pescoço
襟,lapela
謹,discreto
謹,reverentemente
謹,humildemente
近,perto
近,cedo
近,consangüíneo
近,equivalente
金,ouro
吟,declamar
吟,cantar
吟,recital
銀,prata
九,nove
句,frase
句,cláusula
句,sentença
句,passagem
句,parágrafo
区,waº
区,distrito
苦,sofrimento
苦,experiência
苦,preocupar
苦,dificuldade
苦,"sentir- se amargo"
苦,tristeza
駆,dirigir
駆,corrida
駆,galope
駆,avançar
駆,inspirar
駆,impelir
具,ferramenta
具,utensílio
具,meios
具,posses
具,ingredientes
具,"sufixo para contagem de armaduras"
具,coleção
具,mobília
愚,tolo
愚,tolice
愚,disparate
愚,estúpidez
虞,Mal-estar
虞,medo
虞,ansiedade
虞,assunto
空,esvaziar
空,ceú
空,desocupado
空,vazio
空,vácuo
偶,acidentalmente
偶,"número par"
偶,par
偶,casal
偶,"mesma espécie"
遇,entrevista
遇,convite
遇,entreter
遇,receber
遇,"lidar com"
隅,esquina
隅,canto
屈,encruzilhada
屈,curva
屈,hesitação
屈,submeter
掘,cavar
掘,cova
掘,escavar
靴,sapatos
繰,curva
繰,bobina
繰,giro
繰,"virar (páginas)"
繰,melhorar
繰,"referis-se a"
桑,amora
勲,"ato meritório"
勲,mérito
君,rapaz
君,"sufixo p/ nome"
薫,fragrante
薫,perfumado
薫,"fumaça (cigs)"
訓,instrução
訓,"leitura Japonesa de caracteres"
訓,explicação
訓,ler
群,bando
群,grupo
群,multidão
群,manada
群,enxame
群,cacho
軍,exército
軍,força
軍,tropas
軍,guerra
軍,batalha
郡,condado
郡,distrito
郡,comarca
係,"pessoa em carga"
係,conexão
係,dever
係,"interessa a si próprio"
傾,inclinar
傾,inclinação
傾,tendência
傾,declínio
傾,afundar
傾,ruina
傾,viés
刑,Punir
刑,penalidade
刑,sentença
刑,punição
兄,"irmão mais velho"
兄,"irmão maior"
啓,revelar
啓,abrir
啓,dizer
型,bolor
型,tipo
型,modelo
契,penhor
契,promessa
契,voto
形,forma
形,formulário
形,estilo
径,diâmetro
径,caminho
径,método
恵,favor
恵,benção
恵,graça
恵,gentileza
慶,júbilo
慶,congratular
慶,regozijar-se
慶,"estar feliz"
憩,recesso
憩,descanso
憩,relaxar
憩,repousar
掲,"colocar (um aviso)"
掲,propor
掲,alçar
掲,mostrar
掲,pendurar
掲,publicar
掲,descrever
携,portátil
携,"carregar (na mão)"
携,"armado com"
携,"trazer consigo"
敬,temor
敬,respeito
敬,honra
敬,reverencia
景,cenário
景,visão
渓,"corrente de montanha"
渓,vale
系,linhagem
系,sistema
経,sutra
経,longitude
経,"passar através de"
経,expirar
経,empenar
継,herdar
継,"ser bem-sucedido"
継,remendo
継,"enxerto (árvore)"
茎,caule
茎,talo
蛍,pirilampo
蛍,vaga-lume
計,desenho
計,plano
計,esquema
計,medida
警,advertir
警,mandamentos
軽,ligeiramente
軽,insignificante
軽,"sem importância"
鶏,Frango
鶏,galinha
芸,técnica
芸,arte
芸,ofício
芸,performance
芸,representação
芸,truque
芸,façanha
迎,"receber bem"
迎,reunião
迎,saudar
鯨,baleia
劇,drama
劇,jogo
撃,batida
撃,ataque
撃,derrota
撃,conquista
激,violento
激,"obtem excitado"
激,enraged
激,chafe
激,incita
傑,grandeza
傑,excelência
欠,falta
欠,intervalo
欠,falha
決,decida
決,fixar
決,"concordar sobre"
決,nomear
潔,incorrupto
潔,puro
潔,limpar
潔,correto
潔,galanteador
穴,buraco
穴,orifício
穴,brecha
穴,caverna
穴,gruta
結,laço
結,unir
結,contrato
結,união
結,organizar
結,pentear
結,fechar
血,sangue
月,mês
月,lua
件,romance
件,caso
件,matéria
件,item
倹,frugal
倹,economia
倹,econômico
健,saudável
健,saúde
健,vigor
健,persistência
兼,Concorrentemente
兼,e
券,Bilhete
剣,sabre
剣,espada
剣,lâmina
剣,"ponteiro de relógio"
圏,esfera
圏,círculo
圏,raio
圏,série
堅,"de confiança"
堅,apertado
堅,duro
堅,sólido
堅,firme
堅,estrito
嫌,desgostar
嫌,detestar
嫌,odiar
建,Construção
憲,Constituição
憲,lei
懸,suspender
懸,pendurar
懸,10%
懸,instalar
懸,depender
懸,consultar
検,examinar
検,investigar
権,autoridade
権,força
権,direitos
犬,Cão
献,oferta
献,"sufixo p/ contagem de bebidas"
献,presente
献,oferecer
研,polir
研,estudar
研,afiar
絹,seda
県,Condado
県,"prefeitura (região)"
肩,Ombro
見,ver
見,esperanças
見,oportunidades
見,idéia
見,opinião
見,olhar
見,visíveis
謙,Desvanecer-se
謙,"ficar humilde"
謙,comdescender
謙,"ser modesto"
賢,sábio
賢,inteligente
賢,sabedoria
賢,inteligência
軒,apartamentos
軒,"sufixo para contagem de casas"
軒,"beiral de telhados"
遣,despacho
遣,enviar
遣,dar
遣,doar
遣,fazer
遣,empreender
険,íngreme
険,"lugar inacessível"
険,"posição inexpugnável"
険,"lugar escarpado"
険,"olhos agudos"
顕,aparecer
顕,existente
験,verificação
験,efeito
験,teste
元,começo
元,"tempo anterior"
元,origem
原,prado
原,original
原,primitivo
原,campo
原,planície
原,pradaria
原,tundra
原,sertão
厳,severo
厳,estrito
厳,seriedade
厳,rigidez
幻,fantasma
幻,visão
幻,sonho
幻,ilusão
幻,aparição
弦,"Corda (arco"
弦,violão)
弦,corda
弦,hipotenusa
減,definhar
減,decréscimo
減,reduzir
減,decadência
減,encurtar
減,obter
減,"com fome"
源,fonte
源,origem
玄,misterioso
玄,oculto
現,presente
現,exist6encia
現,realidade
言,Dizer
言,palavras
限,limite
限,restringir
限,"o melhor possível"
個,indivíduo
個,"sufixo para contagem de para artigos"
古,velho
呼,chamada
呼,"chamar para"
呼,convidar
固,endurecer
固,aglomerar
固,coágulo
固,coagular
孤,órfão
孤,só
己,Próprio
己,cobra
己,serpente
庫,depósito
庫,armazém
弧,Arco
戸,Porta
故,casualidade
故,especialmente
故,intencionalmente
故,razão
故,causa
故,circunstâncias
故,portanto
故,consequentemente
枯,encolher
枯,secar
枯,ressecar
枯,evaporar
湖,lago
誇,"contar vantagem"
誇,"estar orgulhoso"
誇,orgulho
誇,triunfantemente
雇,emprego
雇,alugar
顧,recordar
顧,revisão
顧,auto-examinar
顧,voltar-se
鼓,tambor
鼓,batida
鼓,despertar
鼓,"inspeção (militar)"
五,cinco
互,mutuamente
互,reciprocamente
互,juntamente
午,meio-dia
呉,dê
呉,"fazer alguma coisa para"
娯,recreação
娯,prazer
後,atrás
後,costas
後,"mais tarde"
御,honrado
御,manipular
御,governar
悟,"Iluminação (budismo)"
悟,perceber
悟,discernir
悟,compreender
悟,compreende
碁,"Jogo de Go"
語,palavra
語,discurso
語,língua
誤,erro
誤,errar
誤,"fazer errado"
誤,enganar
護,salvaguardar
護,proteger
交,Misturar-se
交,misturando
交,associação
交,"vindo & indo"
侯,marques
侯,senhor
侯,daimyo
候,clima
候,estação
候,tempo
光,raio
光,luz
公,público
公,príncipe
公,oficial
公,governamental
功,realização
功,méritos
功,sucesso
功,honra
功,crédito
効,mérito
効,eficácia
効,eficiência
効,benefício
厚,rico
厚,pesado
厚,espesso
厚,espécie
厚,"de bronze"
厚,cordial
厚,desavergonhado
口,boca
向,"Aquele lá"
向,"em frente"
向,"além de"
向,confronta
向,desafia
向,"tende para"
向,aproximação
后,imperatriz
后,rainha
后,depois
后,atrás
后,"mais tarde"
坑,buraco
坑,furo
好,apaixonado
好,agradável
好,gostar
孔,Cavidade
孔,buraco
孔,fenda
孔,muito
孔,grande
孔,excessivamente
孝,"piedade filial"
孝,"respeito pelas crianças"
工,ofício
工,construção
巧,hábil
巧,engenhoso
幸,felicidade
幸,benção
幸,fortuna
広,largo
広,vasto
広,espaçoso
康,facilidade
康,paz
恒,constância
恒,sempre
慌,desconcertado
慌,"ser confundido"
慌,"perder a cabeça"
抗,confrontar
抗,resistir
抗,desafiar
抗,opor
拘,prisão
拘,prender
拘,interessada
拘,aderir
拘,desgosto
控,retirar
控,extrair
控,devolver
控,"privar-se de"
控,"ser moderado"
攻,agressão
攻,ataque
更,"ficar atrasado"
更,"horário noturno"
更,certamente
校,exame
校,escola
校,impressão
校,prova
校,correção
構,postura
構,construção
構,fingir
江,riacho
江,"pequena baía em lagos"
江,baía
洪,dilúvio
洪,enchente
洪,vasto
港,"Porto (navios)"
溝,ranhura
溝,canal
溝,encanamento
溝,dreno
溝,"10 elevado a 32"
甲,armadura
甲,"alto (voz)"
甲,"Um grau"
甲,umterior
甲,"peito do pé"
甲,carapaça
皇,imperador
硬,duro
硬,rígido
稿,esboço
稿,cópia
稿,manuscrito
稿,palha
紅,carmesim
紅,"vermelho forte"
絞,estrangular
絞,apertar
絞,torcer
綱,amarrio
綱,"classe (gênero em biologia)"
綱,corda
綱,cabo
耕,plantar
耕,agricultura
耕,cultivar
考,considerar
考,refletir
肯,acordo
肯,consentir
肯,"concordar com"
航,navegar
航,vela
航,travessia
航,"voar (de avião)"
荒,"Abandonado no mato"
荒,selvagem
荒,rude
行,ir
行,viagem
行,viajar
衡,equilíbrio
衡,"vara de medição"
衡,escala
講,conferência
講,clube
講,associação
貢,tributo
貢,apoiar
貢,financiar
購,assinatura
購,compra
郊,periferia
郊,subúrbios
郊,"área rural"
酵,fermentação
鉱,mineral
鉱,minerar
鋼,aço
降,descer
降,precipitar
降,queda
降,rendição
項,parágrafo
項,nuca
項,cláusula
項,item
項,"termo (expressão)"
香,incenso
香,cheiro
香,perfume
高,Caro
高,alto
剛,robusto
剛,vigor
号,apelido
号,número
号,item
号,título
号,pseudonimo
号,nome
号,chamada
合,encaixe
合,unir
拷,torturar
拷,golpear
拷,batida
豪,predominar
豪,grande
豪,poderoso
豪,superação
豪,Austrália
克,Superar
克,bondoso
克,habilmente
刻,escultura
刻,picar
刻,fatiar
刻,moer
刻,esculpir
告,revelação
告,contar
告,informar
告,anuncia
国,País
国,terra
国,nação
穀,cereais
穀,grão
酷,injusto
酷,cruel
酷,severo
黒,preto
獄,prisão
獄,cadeia
腰,lombo
腰,cadeiras
腰,cintura
腰,quadris
骨,esqueleto
骨,osso
骨,permanecer
骨,moldura
込,apinhado
込,misturar
込,"em volume"
込,incluido
今,agora
困,dúvida
困,"torna-se angustiado"
困,aborrecido
困,incerteza
困,dilema
墾,"terra cultivada"
婚,casamento
恨,lamento
恨,rancor
恨,resentimento
恨,malícia
恨,ódio
懇,sociável
懇,espécie
懇,cordial
懇,hospitaleira
懇,cortês
昆,descendentes
昆,"irmão mais velho"
根,raiz
根,radical
根,verruga
混,misturar
混,mistura
混,confundir
紺,"azul escuro"
紺,azul-marinho
魂,alma
魂,espírito
佐,assistente
佐,ajuda
唆,tentação
唆,sedução
唆,instigar
唆,promover
左,Esquerda
差,distinção
差,diferença
差,variação
差,discrepancia
差,margem
差,equilíbrio
査,investigar
砂,Areia
詐,mentira
詐,falsidade
詐,enganar
詐,fingir
鎖,cadeias
鎖,ferros
鎖,conexão
座,agachar
座,assento
座,almofada
座,reunião
座,sentar
債,laço
債,empréstimo
債,dívida
催,patrocinador
催,"manter (um encontro)"
催,"oferecer (um jantar)"
再,"outra vez"
再,"duas vezes"
再,"segundo tempo"
最,"Capacidade máxima"
最,maior
最,extremo
妻,esposa
妻,cônjuge
宰,supervisionar
宰,administrador
宰,regra
彩,colorindo
彩,pintura
彩,maquilagem
才,gênio
才,"anos antigos"
採,escolher
採,pegar
採,trazer
採,erguer
栽,plantação
栽,planta
歳,"Fim de ano"
歳,idade
歳,ocasião
歳,oportunidade
済,fim
済,terminar
済,desculpável
済,"não necessário"
災,desastre
災,calamidade
災,desgraça
災,maldição
災,mau
砕,quebrar
砕,quebrado
砕,esmagar
砕,popular
砕,familiar
祭,Festival
祭,ritual
祭,"oferecer orações"
祭,celebrar
祭,deificar
祭,santificar
祭,adorar
斎,purificação
斎,"comida de Budistas"
斎,quarto
斎,adorar
斎,evitar
斎,"da mesma forma"
斎,semelhante
細,franzino
細,emagrecer
細,afinar
細,delgado
細,estreito
菜,legume
菜,salada
菜,verduras
裁,alfaiate
裁,juiz
裁,decisão
裁,paradigma
載,carga
載,multiplicação
載,força
載,"10 elevado a 44"
際,ocasião
際,lado
際,margem
際,limite
際,indecente
際,ousado
際,perigoso
際,vez
際,quando
剤,dose
剤,remédio
剤,droga
在,existir
在,arredores
在,subúrbios
在,"localizados em"
材,tábuas
材,registro
材,pau
材,madeira
材,talento
罪,culpa
罪,pecado
罪,crime
罪,falta
罪,ofensa
財,propriedade
財,dinheiro
財,riqueza
財,bens
坂,rampa
坂,inclinação
坂,morro
咲,flor
咲,florescimento
崎,promontorio
崎,cabo
崎,ponta
作,fazer
作,produção
作,preparar
作,construção
削,Avião
削,afiar
削,descascar
削,aparar
搾,espremer
昨,ontem
昨,prévio
昨,anterior
策,esquema
策,plano
策,política
策,passo
策,meios
索,corda
索,cabo
錯,confundir
錯,mistura
錯,"está em desordem"
桜,cerejeira
冊,tome
冊,"sufixo para contagem de para livros"
冊,volume
刷,impressão
刷,imprimir
察,convidado
察,presumir
察,conjecturar
察,juiz
察,compreender
撮,instantâneo
撮,"tirar fotos"
擦,arranhar
擦,esfregar
擦,coçar
擦,escovar
擦,atritar
擦,explorar
札,etiqueta
札,"dinheiro de papel"
札,"número de contratos"
札,letreiro
札,oferta
殺,matar
殺,assassinato
殺,açougueiro
殺,fatiar
殺,partir
殺,diminuir
殺,reduzir
殺,corromper
雑,misto
皿,Prato(tipo)
皿,porção
皿,"prato (objeto)"
三,três
傘,guarda-chuva
参,confuso
参,visitando
参,visitar
参,derrotar
参,dados
参,apaixonados
山,montanha
惨,desprezível
惨,desastre
惨,crueldade
惨,severo
散,dispersar
散,espalhar
散,gastar
散,dissipar
桟,andaime
桟,ripa
桟,moldura
桟,cais
桟,"ferrolho (porta)"
産,produtos
産,"dar a luz"
産,nascer
産,"dar crias"
産,nascimento
産,nativo
産,bens
算,calcular
算,advinhar
算,número
算,ábaco
算,probabilidade
蚕,bicho-da-seda
賛,aprovar
賛,elogiar
賛,"título ou inscrição em gravura"
賛,auxiliar
賛,"concordar com"
酸,ácido
酸,amargo
酸,azedo
酸,picante
暫,temporariamente
暫,"por enquanto"
暫,momento
暫,"tempo longo"
残,restante
残,restos
残,balança
仕,atender
仕,ação
仕,oficial
仕,servir
伺,"retribuir visita"
伺,perguntar
伺,indagar
伺,implorar
使,Uso
使,usar
刺,espinho
刺,furar
刺,esfaquear
刺,picar
刺,"picar cartão"
司,diretor
司,oficial
司,"escritório do govt"
司,regra
司,administrar
史,história
史,crônica
嗣,herdeiro
嗣,"é bem-sucedido"
四,quatro
士,cavalheiro
士,samurai
始,iniciar
始,começar
姉,"irmã mais velha"
姿,figura
姿,formulário
姿,forma
子,criança
市,mercado
市,cidade
師,perito
師,professor
師,mestre
師,exército
師,guerra
志,intenção
志,plano
志,resolver
志,aspirar
志,motivo
志,esperanças
志,"shilling (din.)"
思,pensar
指,dedo
指,"apontar para"
指,indicar
指,"colocar dentro"
指,"jogo (xadrez)"
指,"medida (governantal)"
支,ramo
支,apoio
支,sustentar
施,esmola
施,"aplicar ataduras"
施,"adminatração de 1º socorros"
旨,delicioso
旨,sabor
旨,"mostra um gosto para"
旨,vontade
旨,inteligente
旨,perito
枝,ramagem
枝,ramo
枝,galho
枝,tronco
止,parada
死,morte
死,dados
氏,"nome de família"
氏,sobrenome
氏,clã
祉,bem-estar
祉,felicidade
私,particular
私,Eu
私,me
糸,contexto
紙,Papel
紫,roxo
紫,violeta
肢,membros
肢,"braços & pernas"
脂,gordura
脂,graxa
脂,sêbo
脂,banha
脂,resina
脂,goma
脂,asfalto
至,clímax
至,chegar
至,continuar
至,alcançar
至,atingir
至,"resultar em"
視,inspeção
視,avaliar
視,ver
視,olhar
詞,"parte de discurso"
詞,palavras
詞,poesia
詩,poema
詩,poesia
試,teste
試,tentativa
試,testar
試,experimento
試,prova
誌,Documentos
誌,registros
諮,Consultar-se
資,bens
資,recursos
資,capital
資,fundos
資,dados
資,"se levado a"
資,"contribuir para"
賜,concessão
賜,presente
賜,vantagem
賜,resultados
雌,feminino
雌,fêmea
飼,domesticar
飼,levantar
飼,guardar
飼,alimentar
歯,dentes
歯,"dentes de engrenagens"
事,matéria
事,coisa
事,fato
事,negócios
事,razão
事,possivelmente
似,formação
似,lembra
似,falsificar
似,imitar
似,conveniente
侍,garçom
侍,samurai
侍,"esperar sobre"
侍,servir
児,recém-nascido
児,criança
児,filhote
字,caracter
字,letra
字,palavra
字,"seção de aldeia"
寺,"Templo Budista"
慈,misericórdia
持,segurar
持,ter
時,tempo
時,hora
次,próximo
次,pedido
次,seqüência
滋,nutrir
滋,"mais & mais"
滋,"ser luxuriante"
滋,planta
滋,turbidez
治,reino
治,"estar em paz"
治,acalmar-se
治,subjugar
治,domar
治,governo
治,cura
治,regra
治,conservar
璽,"selo imperial"
磁,imã
磁,porcelana
示,espetáculo
示,indicar
示,apontar
示,expressar
示,mostrar
耳,ouvido
自,"a si próprio"
辞,"pedir demissão"
辞,palavra
辞,termo
辞,expressão
式,estilo
式,cerimônia
式,rito
式,método
式,sistema
式,formulário
識,discriminação
識,saber
識,escrever
軸,eixo
軸,pivô
軸,talo
軸,caule
軸,"sufixo para contagem de pergaminhos"
七,Sete
執,tenaz
執,segurar
執,agarrar
執,simpatizar
失,erro
失,falta
失,desvantagem
失,perda
室,quarto
室,apartamento
室,câmara
室,estufa
室,porão
湿,umidade
湿,úmido
湿,molhar
漆,verniz
漆,envernizar
疾,ligeiramente
質,substância
質,qualidade
質,matéria
質,temperamento
実,realidade
実,verdade
芝,gramado
芝,relva
舎,"casa de campo"
舎,pousada
舎,cabana
舎,casa
舎,mansão
写,cópia
写,foto
写,descrever
射,dispare
射,"brilha dentro"
射,sobre
射,"arte do arco e flexa"
捨,descarte
捨,gastar
捨,desembaraçar
捨,"pedir demissão"
捨,rejeitado
捨,sacrifício
赦,absolvição
赦,perdão
斜,diagonal
斜,inclinado
斜,oblíquo
煮,ferver
煮,cozinhar
社,companhia
社,firme
社,escritório
社,associação
社,templo
者,alguém
者,pessoa
謝,"pedir desculpas"
謝,agradecer
謝,recusar
車,carro
遮,interceptar
遮,interromper
遮,obstruir
蛇,cobra
蛇,serpente
蛇,"bebedor duro"
邪,malvado
邪,injustiça
邪,errado
借,"pedir emprestado"
借,aluguel
勺,concha
勺,afundar
尺,shaku
尺,"pé Japonês"
尺,medida
尺,escala
尺,regra
爵,barão
爵,nobreza
爵,"posição na nobreza"
酌,"Trabalhar em bares"
酌,"servindo sake"
酌,"o anfitrião"
酌,"sucção (água)"
酌,concha
酌,balde
酌,bomba
釈,explicação
若,jovem
若,se
若,talvez
若,possivelmente
若,"número baixo"
若,imaturo
寂,isolamento
寂,calmamente
寂,amadurecer
寂,amadurecimento
寂,"morte de um padre"
弱,frágil
弱,fraco
主,senhor
主,chefe
主,mestre
主,"coisa principal"
主,principal
取,tomar
取,trazer
取,recolher
守,vigia
守,protege
守,defende
守,obedece
手,mão
朱,vermelhão
朱,zinabre
朱,escarlate
朱,vermelho
朱,ensangüentado
殊,particularmente
殊,especialmente
殊,excepcionalmente
狩,caçar
狩,incursão
狩,juntar
珠,pérola
珠,gema
珠,jóia
種,espécie
種,tipo
種,classe
種,variedade
種,cepa
趣,essência
趣,"continuar para"
趣,tender
趣,tornar-se
酒,sake
酒,álcool
首,pescoço
儒,Confucianista
受,aceitar
受,sofrer
受,"atender (telefone)"
受,tomar
受,obter
受,pegar
受,receber
寿,longevidade
寿,congratulações
寿,"vida natural"
授,comunicar
授,instruir
授,bolsa
授,conferir
樹,Madeira-de-lei
樹,madeira
需,demanda
需,solicitação
需,necessidade
囚,cativo
囚,criminoso
囚,prisão
囚,pegar
収,renda
収,obter
収,colheita
収,pagamento
収,oferta
収,loja
周,circunferência
周,circuito
周,volta
宗,religião
宗,seita
宗,denominação
宗,"ponto principal"
宗,origem
宗,essência
就,colocar
就,"tomar partido"
就,"lado de um contrato"
就,partido
州,estado
州,província
修,disciplina
修,estudo
修,mestre
愁,perigo
愁,pesar
愁,lamento
愁,"estar ansioso"
拾,pegar
拾,juntar
拾,achado
拾,"continuar a pé"
秀,superar
秀,excelência
秀,beleza
秀,superação
秋,outono
終,fim
終,terminar
習,aprender
臭,fedendo
臭,"cheiro de doença"
臭,"parecer suspeito"
臭,odor
臭,cheiro
臭,fragrância
臭,cheirar
臭,feder
臭,brilhar
臭,brilhante
舟,barco
舟,nave
舟,navio
衆,massas
衆,"grandes números"
衆,multidão
衆,população
襲,ataque
襲,avançar
襲,"ser bem-sucedido"
週,semana
酬,recompensar
酬,recompensa
酬,retribuição
集,juntar
集,reunião
集,congregar
集,enxame
集,bando
醜,sujo
醜,feio
醜,vergonha
醜,"má aparência"
住,reside
住,vida
住,habita
充,divida
充,encher
十,dez
従,acompanhar
従,obedecer
従,"submeter a"
従,concordar
従,seguir
従,subordinado
従,acidental
従,secundário
柔,macio
柔,"ponto fraco"
柔,gentileza
柔,suavidade
汁,sopa
汁,suco
汁,caldo
汁,graxa
汁,"molho (carne)"
汁,pus
渋,adstringente
渋,hesitar
渋,relutante
渋,"ter diarréia"
獣,animal
獣,besta
縦,vertical
縦,comprimento
縦,altura
縦,"elevado pessoa indulgente"
縦,rebelde
重,pesado
重,empilhar
重,"pilha de caixas"
重,-dobrar
銃,Armas
銃,"arma de fogo"
叔,tio
叔,juventude
宿,pousada
宿,alojamento
宿,"estação de retransmissor"
宿,moradia
宿,"estar grávida"
宿,casa
宿,residência
淑,gracioso
淑,puro
淑,suave
祝,celebre
祝,congratula
縮,encolher
縮,contrair
縮,enrugar
縮,ruga
縮,reduzir
粛,solenemente
粛,calmamente
粛,suavemente
塾,"escola p/ reforço"
塾,"escola particular"
熟,maturar
熟,amadurecer
熟,amadurecimento
熟,"adquirir habilidade"
出,saída
出,deixa
術,arte
術,técnica
術,habilidade
術,meios
術,truque
術,recursos
術,mágica
述,Mencionar
述,explanar
述,falar
俊,sagaz
俊,gênio
俊,excelência
春,primaveril
春,"primavera (estação)"
瞬,pestanejar
瞬,piscar
准,quase-
准,semi-
准,associar
循,sequencial
循,companheiro
旬,decameron
旬,"10 dias"
旬,"estação (para produtos específicos"
殉,martírio
殉,"sair por pedir demissão"
準,semi-
準,corresponder-se
準,"proporcional para"
準,adaptar-se
準,imitar
潤,molhado
潤,molhar-se
潤,lucrar
潤,"receber benefícios"
潤,favorecer
潤,charme
潤,embeber
盾,escudo
盾,brasão
盾,escusa
純,genuíno
純,pureza
純,inocência
純,"líquido (lucro)"
巡,patrulhar
巡,"dar uma volta"
巡,circunferência
遵,"aceitar e executar"
遵,seguir
遵,obedecer
遵,aprender
順,obedecer
順,pedido
順,volta
順,direita
順,docilidade
順,ocasião
処,dispor
処,administrar
処,"lidar com"
処,semtença
処,condenar
処,ato
処,proceder
初,"primeiros tempos"
初,começo
所,Lugar
暑,sufocante
暑,quente
暑,"calor de verão"
庶,"mais comum"
庶,tudo
庶,bastardo
緒,faixa
緒,começo
緒,início
緒,fim
緒,corda
緒,correia
署,assinatura
署,"escritório do govêrno"
署,"estação de polícia"
書,escrever
諸,vários
諸,muitos
諸,juntamente
助,ajuda
助,resgate
助,auxiliar
叙,confira
叙,relaciona
叙,narra
叙,descreve
女,mulher
女,fêmea
序,prefácio
序,começo
序,pedido
序,precedência
序,ocasião
序,oportunidade
序,acidentalmente
徐,gradualmente
徐,lentamente
徐,deliberadamente
徐,gentilmente
除,excluir
除,"divisão (mat.)"
除,remover
除,abolir
除,cancelar
除,exceto
傷,machucado
傷,ferido
傷,ferir
傷,danificar
傷,dor
傷,dano
傷,corte
傷,"corte profundo"
傷,cicatriz
傷,"ponto fraco"
償,reparação
償,compensação
償,recompensa
償,redimir
償,resgate
勝,vitória
勝,vencer
勝,prevalecer
勝,superar
匠,artesão
匠,carpinteiro
升,"Medida p/ caixa"
升,"1.8 litro"
召,seduzir
召,chamada
召,"mandar chamar"
召,usar
召,vestir
召,"cavalgar em"
召,pechinchar
召,comer
召,beber
商,"Fazer um acordo"
商,vender
商,comerciante
唱,canto
唱,recital
唱,gritar
奨,exortar
奨,desejar
奨,encorajar
宵,"Pouco tempo"
宵,noite
宵,"noite antecipada"
将,líder
将,comandante
将,general
将,almirante
将,ou
将,"e outra vez"
将,logo
将,"de agora em diante"
将,"somente sobre isto"
小,Pequeno
小,pouco
少,poucos
少,pequenos
尚,estima
尚,"além disso"
尚,ainda
床,cama
床,andar
床,estofamento
床,tatami
彰,patente
彰,clarear
承,aquiescer
承,escutar
承,"ser informado"
承,receber
抄,extrato
抄,seleção
抄,resumo
抄,cópia
抄,"espalhar em camada fina"
招,aceno
招,convidar
招,encontro
招,empenhar
掌,manipular
掌,regra
掌,administrar
掌,conduta
掌,"palma de mão"
昇,ascender
昭,brilhar
昭,brilhante
晶,faísca
晶,claro
晶,cristalino
松,pinheiro
沼,pântano
沼,lago
沼,charco
沼,brejo
沼,lagoa
消,extinguir
消,apagar
消,desligar
消,neutralizar
消,cancelar
渉,vau
渉,balsa
渉,porto
焼,assar
焼,queimar
焦,apressar
焦,impaciente
焦,irritar
焦,queimadura
焦,assadura
焦,danificar
照,iluminar
照,brilhar
照,comparar
照,tímido
症,sintomas
症,doença
省,foco
省,"ministério de governo"
省,umservar
硝,nitrato
硝,salitre
礁,recife
礁,"rocha submersa"
祥,auspicioso
祥,felicidade
祥,"bons auspícios"
称,apelação
称,elogio
称,admirar
称,nome
称,título
称,fama
章,insígnia
章,capítulo
章,composição
章,poema
章,projeto
笑,risada
粧,cosméticos
粧,enfeitar-se
紹,Introduzir
紹,herdar
紹,ajudar
肖,semelhança
衝,colidir
衝,"o mais forte"
衝,rodovia
衝,"oposição (astronomia)"
衝,atravessar
衝,furar
衝,apunhalar
衝,picar
訟,processar
訟,acusar
証,evidência
証,prova
証,certificado
詔,"decreto imperial"
詳,detalhado
詳,cheio
詳,bem-informado
詳,preciso
象,elefante
象,modelar
象,imitar
象,imagem
象,forma
象,"sinal (dos tempos)"
賞,prêmio
賞,recompensa
賞,elogio
鐘,sino
鐘,gongo
鐘,carrilhão
障,impedir
障,ferido
障,dano
上,acima
上,"para cima"
上,sobre
上,subir
上,galgar
上,"em cima"
上,escalar
丈,comprimento
丈,"10 pés"
丈,medida
丈,Sra.
丈,Dona.
丈,altura
丈,estatura
丈,todo
丈,únicamente
丈,"isto é tudo"
丈,meramente
乗,viagem
乗,força
乗,multiplicação
乗,"De veículos"
乗,juntar
乗,unir
冗,supérfluo
冗,inútil
剰,excedente
剰,"além disso"
城,Castelo
場,localização
場,lugar
壌,muito
壌,terra
壌,solo
嬢,Jovem
嬢,moça
嬢,senhorita
嬢,filha
常,regular
常,normal
常,comum
常,usual
情,sentimentos
情,emoção
情,paixão
情,simpatia
情,circunstâncias
情,fatos
条,artigo
条,cláusula
条,item
条,listra
条,camada
浄,limpar
浄,purificar
浄,limpeza
浄,exorcisar
浄,"Disnastia Manchu"
状,condicional
状,condições
状,circunstâncias
状,formulário
状,aparecimento
畳,"esteira do tatami"
畳,"sufixo para contagem de esteiras de tatami"
畳,dobrar
畳,calar
畳,abolir
蒸,vapor
蒸,calor
蒸,quente
蒸,compressas
蒸,"ficar mofado"
譲,adiar
譲,mudança
譲,transferir
譲,levar
醸,fermentar
醸,causa
錠,fechadura
錠,cadeado
錠,correntes
嘱,confiar
嘱,solicitação
嘱,"enviar uma mensagem"
飾,decorar
飾,ornamento
飾,adornar
飾,embelezar
植,planta
殖,aumentar
殖,aumento
殖,multiplicar
殖,levantar
織,tecer
織,tecido
職,posto
職,emprego
職,trabalho
色,cor
触,contato
触,tocar
触,sentir
触,acesso
触,proclamar
触,anunciar
触,conflito
食,comer
食,comida
食,alimento
辱,embaraçar
辱,humilhar
辱,envergonhar
伸,expandir
伸,esticar
伸,extender
伸,alongar
伸,aumentar
信,fé
信,verdade
信,fidelidade
信,confiança
侵,usurpar
侵,invadir
侵,raid
侵,transgredir
侵,violar
唇,Lábios
娠,grávida
娠,gravidez
寝,sono
寝,descanso
寝,cama
寝,"invendável (encalhado)"
審,Inquérito
審,juiz
審,julgamento
心,coração
心,mente
心,espírito
慎,humildade
慎,cuidado
慎,discreto
慎,prudente
振,agitar
振,onda
振,sacudir
振,balançar
新,novo
森,floresta
森,mata
浸,imergir
浸,ensopar
浸,mergulhar
浸,empapar
浸,umedecer
浸,molhar
浸,embeber
深,fundo
深,aumentar
深,intensificar
深,fortalecer
申,"tem a honra para"
真,verdadeiro
真,realidade
真,"seita do Budismo"
神,Deus
神,mente
神,alma
神,divindade
神,divino
紳,sire
紳,cavalheiro
紳,"artigos p/ cavalheiros"
臣,servente
臣,servo
臣,subalterno
薪,combustível
薪,lenha
薪,"acender fogo"
親,pai
親,intimidade
親,parente
親,familiaridade
親,crupiê
診,checkup
診,vendo
診,diagnosticar
診,examinar
身,alguém
身,pessoa
身,"fase da vida"
辛,picante
辛,quente
辛,amargo
辛,temperado
進,avanço
進,continuar
進,progresso
進,promover
針,agulha
針,alfinete
針,grampo
針,"o que pica"
震,tremor
震,agitar
震,tremer
震,estremecimento
震,calafrio
人,pessoa
仁,humanidade
仁,virtude
仁,benevolência
仁,caridade
仁,homem
仁,núcleo
刃,lâmina
刃,espada
刃,margem
尋,indagar
尋,aprofundar
尋,procurar
甚,tremendamente
甚,muito
甚,grande
甚,excessivamente
尽,acabar
尽,exaurir
尽,terminar
尽,"faz amizade com"
尽,"servir (alguem)"
迅,rápido
迅,ligeiro
陣,acampamento
陣,"arranjo na batalha"
陣,posições
陣,posição
酢,vinagre
酢,azedo
酢,ácido
酢,picante
図,mapa
図,desenho
図,plano
図,inesperado
図,acidentalmente
吹,sopro
吹,respirar
吹,emitir
吹,fumaça
垂,declínio
垂,suspender
垂,pendurar
垂,negligente
帥,comandante
帥,"tropas líder"
帥,governador
推,conjecturar
推,inferir
推,convidado
推,supor
推,apoiar
水,água
炊,cozinhar
炊,ferver
睡,sonolento
睡,sono
睡,morte
粋,chique
粋,estilo
粋,pureza
粋,essência
粋,supra-sumo
粋,"a nata"
粋,elite
粋,selecionados
衰,decadência
衰,decadente
衰,enfraquecer
遂,consumir
遂,efetuar
遂,atingir
遂,"cometer (suicídio)"
酔,bêbado
酔,"sentir-se mal"
酔,envenenado
酔,exaltado
酔,fascinado
錘,pêso
錘,prumo
錘,"pêso p/ anzol"
随,seguir
随,embora
随,"não obstante"
随,enquanto
随,durante
随,ambos
随,obedecer
随,submeter-se
随,concordar
随,"ao sabor (das ondas)"
髄,Tutano
髄,medula
髄,miolo
崇,"Adorar (divindade)"
崇,respeitar
崇,reverenciar
数,número
数,vigor
数,destino
数,lei
数,figuras
枢,dobradiça
枢,pivô
枢,porta
杉,cedro
澄,lucidez
澄,limpar-se
澄,limpar
澄,esclarecer
澄,colocar
澄,esforçar
澄,"olhar sério"
寸,medição
寸,"medida valendo pés/ 10"
世,geração
世,mundo
世,sociedade
世,pública
瀬,corredeiras
瀬,corrente
瀬,torrente
瀬,baixios
瀬,"banco de areia"
畝,sulco
是,"somente assim"
是,isto
是,certo
是,justiça
制,sistema
制,lei
制,regra
勢,forças
勢,energia
勢,"vigor militar"
姓,sobrenome
征,subjugar
征,"atacar rebeldes"
征,"coletar impostos"
性,sexo
性,gênero
性,natureza
成,tornar-se
成,obter
成,crescer
成,passar
成,alcançar
政,política
政,governo
整,organizar
整,arranjar
整,canção
整,tom
整,métrica
整,"clave (música)"
星,estrela
星,ponto
星,marca
晴,"Limpar o tempo"
正,corrigir
正,justiça
正,correto
正,direito
正,"10 elevado a 40"
清,puro
清,purificar
清,limpar
清,exorcisar
清,"Disnastia Manchu"
牲,"Sacrifício animal"
牲,oferta
生,vida
生,genuína
生,nascimento
盛,estrondo
盛,prosperar
盛,copular
精,refinado
精,fantasma
精,fada
精,energia
精,vitalidade
精,sêmen
精,excelência
精,pureza
精,habilidade
聖,santo
聖,sagrado
聖,sábio
聖,mestre
聖,padre
声,Voz
製,"feito em..."
製,manufaturado
西,oeste
西,Espanha
誠,sinceridade
誠,advertir
誠,avisar
誠,proíbir
誠,verdade
誠,fidelidade
誓,voto
誓,jurar
誓,penhor
請,solicitar
請,convidar
請,perguntar
逝,partir
逝,morrer
青,verde
青,azul
青,imaturo
青,verde-claro
静,calmo
斉,ajustado
斉,"da mesma forma"
斉,igual
斉,"variedade parecida"
税,imposto
税,dever
隻,vasos
隻,peixe
隻,pássaros
隻,flechas
隻,"um de um par"
席,assento
席,esteira
席,ocasião
席,lugar
惜,compaixão
惜,poupar
惜,frugal
惜,mesquinho
斥,rejeitado
斥,recuo
斥,retirada
斥,retroceder
斥,repelir
斥,empurrar
昔,"Era uma vez"
昔,antiquidade
昔,"tempos antigos"
析,picar
析,dividir
析,lágrima
析,analisar
石,pedra
積,volume
積,"produto (x*y)"
積,terras
積,comteúdos
積,empilhar
積,pilha
積,carga
積,acumular
籍,inscrever
籍,"registro do domicilio"
籍,sócio
績,façanhas
績,"casulo intacto (sem desenrolar)"
責,culpa
責,condenar
責,censurar
赤,vermelho
跡,trilhas
跡,marca
跡,impressão
切,corte
切,talho
切,afiar
拙,Mal-ajambrado
拙,desajeitado
拙,inábil
接,tocar
接,contato
接,juntar
接,"pedir juntamente"
摂,indireto
摂,substituto
摂,"agir além de"
折,dobrar
折,quebrar
折,fraturar
折,curvar
折,produto
折,submeter
設,estabelecimento
設,provisão
設,preparar
窃,discrição
窃,roubar
窃,segredo
窃,particular
窃,aquietar
節,nó
節,estação
節,período
節,ocasião
節,verso
節,cláusula
節,stanza
節,honra
節,junta
節,"nó dos dedos"
節,maçaneta
節,canção
節,melodia
説,rumor
説,opinião
説,teoria
雪,neve
絶,descontinuar
絶,"além de"
絶,romper
絶,"cortar desligar"
絶,"abster- se"
絶,interromper
絶,suprimir
舌,língua
舌,"lingueta de inst. de sopro"
舌,"lingueta de fechadura"
仙,Eremita
仙,mago
仙,centavo
先,antes
先,prévio
先,"na frente"
先,futuro
先,precedência
千,Mil
占,"Ler a sorte"
占,advinhar
占,previsão
占,ocupar-se
占,segurar
占,manter
占,obter
占,tomar
宣,proclamar
宣,dizer
宣,anunciar
専,exclusividade
専,exclusivo
専,principalmente
専,somente
川,corrente
川,rio
戦,guerra
戦,batalha
戦,disputa
扇,"Leque. Leque de dobrar"
栓,Rolha
栓,tampa
栓,tampão
栓,cortiça
泉,Fonte
泉,nascente
浅,raso
浅,frívolo
浅,superficial
浅,desprezível
浅,obsceno
洗,lavar
洗,indagar
洗,sondar
染,tinta
染,cor
染,pintura
染,tingir
染,impressão
潜,submergir
潜,esconder
潜,ocultar
潜,"abaixar (voz)"
潜,calar
旋,rotação
旋,"ir de uma lado para outro"
線,linha
線,trilha
繊,delgado
繊,fino
繊,"kimono fino (espessura)"
船,barco
薦,recomendar
薦,esteira
薦,aconselhar
薦,encorajar
薦,oferecer
践,pisar
践,"dar um passo"
践,"passar por cima"
践,paraticar
践,persistir
選,eleger
選,selecionar
選,escolher
選,preferir
遷,transição
遷,mover
遷,mudança
銭,moeda
銭,".01 iene"
銭,dinheiro
銑,Ferro-gusa
鮮,fresca
鮮,viva
鮮,limpa
鮮,brilhante
鮮,Coréia
前,"em frente"
前,antes
善,bom
善,virtuoso
善,bondade
漸,firmemente
漸,"gradualmente avançando"
漸,finalmente
漸,raramente
然,"Tipos de objetos"
然,assim
然,"se assim"
然,"naquele caso"
然,bem
全,inteiro
全,todo
全,tudo
全,completar
全,preencher
禅,Zen
禅,"meditação silenciosa"
繕,cerzir
繕,reparar
繕,consertar
繕,ajeitar
繕,"por em ordem"
繕,ajustar
塑,modelo
塑,moldura
措,"por de lado"
措,desistir
措,suspender
措,descontinuar
措,exceto
疎,desviar
疎,rude
疎,negligenciar
疎,evitar
疎,esparso
礎,"Pedra angular"
礎,"pedra de fundação"
祖,antecessor
祖,pioneiro
祖,fundador
租,tarifa
租,"coletar impostos"
租,"pedir emprestado"
粗,grosseiro
粗,rude
粗,áspero
素,elementar
素,princípio
素,descoberto
素,nu
組,associação
組,trança
組,trançart
組,construir
組,montar
組,unir-se
組,cooperar
組,agarrar
訴,acusação
訴,processo
訴,"queixar-se de dor"
訴,"apelar para"
阻,demover
阻,"separar de"
阻,previnir
阻,obstruir
阻,deter
阻,impedir
僧,"Monge budista"
創,gênese
創,ferir
創,dano
創,ferido
創,começo
創,originar
双,par
双,conjunto
双,comparação
双,"nº de pares"
倉,depósito
倉,armazém
倉,porão
倉,tesouraria
喪,perda
喪,luto
壮,robusto
壮,másculo
壮,prosperidade
奏,"tocar música"
奏,audiência
奏,completar
層,estrato
層,"classe social"
層,camada
層,estória
層,andar
想,conceito
想,pensar
想,idéia
想,pensamento
捜,Pesquisar
捜,esperar
捜,localizar
掃,varrer
掃,escovar
挿,inserir
挿,inserido
挿,enxertar
挿,"usar (espada)"
操,manobra
操,manipular
操,opera
操,pilotar
操,castidade
操,virgindade
操,fidelidade
早,cedo
早,rápido
曹,caçula
曹,amigo
巣,ninho
巣,viveiro
巣,colméia
巣,teia
巣,escondrijo
槽,barril
槽,balde
槽,tanque
燥,ressecar
燥,secar
争,lutar
争,disputar
争,discutir
相,inter-
相,mútuo
相,juntamente
相,mutuamente
相,"ministro de estado"
相,conselheiro
相,aspecto
相,face
相,fisionomia
窓,janela
窓,vidraça
総,geral
総,inteiro
総,todo
総,cheio
総,total
草,grama
草,"erva daninha"
草,ervas
草,pasto
草,escrever
草,esboçar
荘,palacete
荘,pousada
荘,"casa de campo"
荘,"mansão feudal"
葬,enterro
葬,enterra
葬,declive
藻,algas
藻,"planta flutuante"
装,vestes
装,vestido
装,fingir
装,disfarce
装,manifestar
走,Correr
走,corrida
送,acompanhante
送,enviar
遭,encontro
遭,reunião
遭,festa
遭,associação
遭,entrevista
遭,unir
霜,geada
騒,vociferante
騒,barulhento
騒,clamor
騒,perturbar
騒,excitar
像,estátua
像,gravura
像,imagem
像,figura
像,retrato
増,aumentar
増,somar
増,ganhar
増,promover
憎,odiar
憎,detesta
臓,entranhas
臓,víscera
臓,tripas
蔵,armazém
蔵,esconder
蔵,possuir
蔵,ter
贈,presentes
贈,enviar
贈,dar
贈,premiar
贈,"conferir a"
贈,"apresentar alguma coisa"
造,criar
造,fazer
造,estrutura
造,psique
促,estimular
促,desejo
促,imprensa
促,demanda
促,incitar
側,lado
側,inclinação
側,opõe
側,pesar
則,regra
則,seguir
則,"basear em"
則,"ter como modelo"
即,instante
即,"a saber"
即,"como está"
即,comformar-se
即,concordar
即,adaptar-se
息,hálito
息,respiração
息,filho
息,juros
束,pacote
束,molho
束,feixe
束,"amarra em pacotes"
束,governar
束,administrar
測,braça
測,plano
測,esquema
測,medida
足,perna
足,pé
足,"ser suficiente"
速,rápido
速,apressar
俗,vulgar
俗,costumes
俗,maneiras
俗,"coisas do mundanas"
属,pertencer
属,gênero
属,"oficial subordinado"
属,afiliado
賊,assaltante
賊,rebelde
賊,traidor
賊,ladrão
族,tribo
族,família
続,continuar
続,série
続,sequela
続,sequência
卒,soldado
卒,particular
卒,dados
存,supor
存,"estar atento"
存,acreditar
存,sentir
孫,neto
孫,descendentes
尊,honrado
尊,precioso
尊,valioso
尊,nobre
尊,exaltado
損,prejuízo
損,perda
損,desvantagem
損,ferida
損,ferir
村,cidade
村,aldeia
他,outro
他,outrem
他,"os outros"
多,muitos
多,frequentar
多,muito
太,gordo
太,grande
太,espesso
堕,degenerado
堕,descender
妥,suave
妥,paz
妥,corrupção
惰,preguiçoso
惰,ociosidade
打,bater
打,acesso
打,batida
打,libra
打,dúzia
駄,Incômodo
駄,"bando de cavalos"
駄,"carga de cavalos"
駄,"enviar a cavalo"
体,corpo
体,substância
体,objeto
体,realidade
体,"sufixo para contagem de para imagens"
対,vis-um-vis
対,contrário
対,"até mesmo"
対,igual
対,versus
対,anti-
対,compara
耐,"A prova de"
耐,duradouro
帯,Faixa
帯,cinto
帯,obi
帯,zona
帯,região
待,esperar
待,"contar com"
怠,negligenciar
怠,preguiça
態,atitude
態,condição
態,figura
態,aparecimento
態,"voz (de verbos)"
替,troca
替,reserva
替,substituto
替,por-
泰,pacífico
泰,calma
泰,paz
泰,fácil
泰,Tailandia
滞,estagnar
滞,demorar-se
滞,atrasar-se
滞,"atraso no pagamento"
胎,útero
袋,sacola
袋,bolsa
袋,saco
貸,Emprestar
退,retirada
退,sacar
退,retirar
退,"pedir demissão"
退,repelir
退,expelir
退,rejeitar
逮,compreender
逮,caçar
隊,regimento
隊,partido
隊,companhia
隊,esesquadrão
代,substituto
代,mudança
代,convertido
代,repor
代,período
代,idade
代,geração
代,carga
代,valor
代,taxa
台,pedestal
台,stand
台,"sufixo para contagem de para máquinas e veículos"
大,grande
大,enorme
第,"Prefixo p/ números ordinais"
第,residência
題,tópico
題,assunto
滝,cachoeira
滝,corredeira
滝,cascata
卓,eminente
卓,tabela
卓,mesa
卓,alta
宅,casa
宅,lar
宅,residência
宅,"nossa casa"
宅,"meu marido"
択,escolher
択,selecionar
択,eleger
択,preferir
拓,"limpar (a terra)"
拓,abrir
拓,"abrir (terra)"
沢,brejo
濯,lavanderia
濯,lavar
濯,"verter em"
濯,enxáguar
託,consignar
託,solicitar
託,confiar
託,fingir
託,sugestão
濁,sonoro
濁,sujidade
濁,errado
濁,impureza
諾,consentir
諾,consentimento
諾,acordo
但,entretanto
但,mas
達,efetuar
達,alcançar
達,chegar
達,atingir
奪,roubar
奪,"tomar pela força"
奪,apropriar-se
奪,pilhar
奪,usurpar
脱,despir
脱,remover
脱,"escapar de"
脱,livrar-se
脱,"ser deixado de fora"
脱,decolar
棚,prateleira
棚,apoio
棚,moldura
棚,manto
棚,grade
谷,vale
丹,Ferrugem
丹,colorido
丹,vermelho
丹,pílulas
単,Simples
単,um
単,solteiro
単,meramente
嘆,suspiro
嘆,lamento
嘆,pesar
担,"Levar nas costas"
担,carregar
担,levantar
担,transportar
探,tatear
探,pesquisar
探,procurar
淡,magro
淡,desmaiar
淡,passageiro
淡,pálido
炭,carvão
短,curto
短,brevidade
短,falta
短,defeito
短,"ponto fraco"
端,margem
端,origem
端,fim
端,ponto
端,borda
端,limite
端,"cabo (geog.)"
胆,"Bexiga irritadaa"
胆,coragem
胆,"orgãos internos"
胆,nervos
誕,natividade
誕,nascer
誕,decadência
誕,mentira
誕,"ser arbitrário"
鍛,forjar
鍛,disciplinar
鍛,treinar
団,grupo
団,associação
壇,podium
壇,palco
壇,púlpito
弾,"Bala (arma)"
弾,fanhoso
弾,sacudidela
弾,estalo
断,desligamento
断,decadência
断,recusa
断,"pedir desculpas"
断,avisar
断,despedir
断,proíbir
断,decisão
断,julgamento
断,incisivo
暖,caloroso
段,grau
段,passos
段,escada
男,masculino
談,discutir
談,conversar
値,preço
値,custo
値,valor
知,saber
知,sabedoria
地,terra
地,chão
恥,vergonha
恥,desonra
池,lagoa
池,cisterna
池,conjunto
池,reservatório
痴,tolo
痴,estúpido
稚,jovem
稚,imaturo
置,colocação
置,por
置,colocar
置,depositar
置,abandonar
置,manter
置,empregar
置,hipotecar
致,fazer
致,enviar
致,transmitir
致,causar
致,exercer
致,incorrer
致,empenhar
遅,atrasado
遅,lento
遅,costas
遅,"mais tarde"
築,fabricar
築,construção
築,construir
畜,criação
畜,"aves domésticas"
竹,bambu
蓄,acumular
蓄,"ter uma concubina"
蓄,fonógrafo
逐,perseguir
逐,afastar
逐,caçar
逐,efetuar
逐,atingir
逐,comprometer
秩,regularidade
秩,salário
秩,pedido
窒,tampar
窒,obstruir
窒,"colocar um batoque"
茶,chá
嫡,"esposa legítima"
嫡,"descendência direta (não-bastarda)"
着,vestir
着,chegar
着,usar
着,"sufixo para contagem de vestuário"
中,em
中,interior
中,médio
中,meio
中,centro
仲,Relacionamento
仲,"entre (algo)"
宙,aéreo
宙,ar
宙,espaço
宙,céu
宙,memorização
宙,"intervalo de tempo"
忠,lealdade
忠,fidelidade
抽,puxão
抽,puxar
抽,extrato
抽,superar
昼,dia
昼,meio-dia
柱,pilar
柱,poste
柱,cilindro
柱,apoio
注,derramar
注,irrigar
注,"verter (lágrimas)"
注,desaguar
注,"colocar em(copos)"
注,notas
注,comentário
注,anotar
虫,inseto
虫,bichinho
虫,temperamento
衷,íntimo
衷,coração
衷,mente
衷,interior
鋳,calcular
鋳,"cunhar moedas"
駐,"Viajar com paradas"
駐,"residir em"
駐,residente
著,renomado
著,publico
著,notável
著,fenomenal
著,vestido
著,vestir
著,usar
著,"elevado chegada/ fim (corrida)"
著,"sufixo para contagem de vestuário"
貯,poupança
貯,loja
貯,"por em"
貯,guardar
貯,"usar bigode"
丁,rua
丁,departamento
丁,cidade
丁,"sufixo para contagem de para armas"
丁,ferramentas
丁,"folhas ou bolos de alguma coisa"
丁,"número par"
丁,"4º sign"
兆,portento
兆,"10 elevado a 12"
兆,trilhão
兆,signo
兆,presságio
兆,sintomas
帳,caderno
帳,"livro contábil"
帳,álbum
庁,"escritório de governo"
弔,condolencias
弔,velório
弔,funeral
張,alongar
張,"sufixo para contagem de para arcos & instrumentos de corda"
張,esticar
張,espalhar
張,"erguer (tenda)"
彫,cinzelar
彫,esculpir
彫,cinzel
徴,indicações
徴,sinal
徴,presságios
徴,sintoma
徴,colecionar
徴,procurar
徴,referir-se
徴,perguntar
懲,penal
懲,castigar
懲,punir
懲,disciplinar
挑,desafio
挑,"lutar para"
挑,"fazer amor"
朝,manhã
朝,disnastia
朝,regime
朝,época
朝,período
朝,"Coréia do Norte"
潮,maré
潮,"água salgada"
潮,oportunidade
町,aldeia
町,cidade
町,bloco
町,rua
眺,fitar
眺,observar
眺,olhar
眺,ver
眺,escrutinizar
聴,escutar
聴,teimoso
聴,"investigação cuidadosa"
聴,desobediente
脹,dilatar
脹,dilatação
脹,saliência
脹,completa
脹,intumescência
腸,intestinos
腸,abdomen
腸,tripas
腸,vísceras
調,canção
調,tom
調,métrica
調,"clave (música)"
調,"estilo de escrever"
調,preparar
調,exorcisar
調,investigar
超,transcender
超,ótimo
超,ultra-
超,super-
跳,pulo
跳,saltar
跳,pular
跳,empurrão
跳,galope
跳,dólar
跳,respingar
跳,erupção
跳,tranco
長,Longo
長,ambicionar
長,líder
長,chefe
頂,"colocar na cabeça"
頂,receber
頂,"topo da cabeça"
頂,topo
頂,"reunião de cúpula"
頂,pico
鳥,Pássaro
鳥,"sufixo para nomes de pássaros."
勅,"pedido imperial"
直,retidão
直,honestidade
直,franqueza
直,consertar
直,reparo
朕,"plural majestático (nós ao invés de eu)"
朕,"nós do imperador"
沈,afundar
沈,submergir
沈,abaixar
沈,deprimir-se
沈,aloés
珍,estranho
珍,curioso
珍,raro
賃,taxa
賃,alugar
賃,aluguel
賃,salários
賃,conta
鎮,tranqüilizar
鎮,"centros para preservação da paz"
陳,exibição
陳,estado
陳,relacionar
陳,explicar
津,abrigo
津,porto
津,balsa
墜,colisão
墜,queda
追,caçar
追,afastar
追,seguir
追,perseguir
追,"umquanto isso"
痛,dor
痛,ferida
痛,injúria
痛,contusão
通,tráfego
通,"passar através de"
通,avenida
通,comutar
通,"sufixo para contagem de letras"
塚,morro
塚,monte
漬,"Por em conserva"
漬,ensopar
漬,umedecer
漬,empapar
坪,"Unidade de área de 3"
坪,"31 m2"
釣,pesca
釣,peixe
釣,pegar
釣,fascinação
釣,laçar
亭,pavilhão
亭,restaurante
亭,mansão
亭,caramanchão
亭,"casa de campo"
亭,vaudeville
亭,"Teatro de Ópera"
亭,palco
低,abaixe
低,humilde
低,curto
停,parada
停,parando
偵,espião
貞,correto
貞,casto
貞,constância
貞,retidão
呈,mostrar
呈,oferecer
呈,apresentar
呈,enviar
呈,exibição
堤,represa
堤,dique
定,determinar
定,fixar
定,estabelecer
定,decidir
帝,soberano
帝,"o imperador"
帝,Deus
帝,criador
底,único
底,fundo
底,profundidade
底,"preço baixo"
底,base
底,espécie
底,tipo
庭,jardim
庭,quintal
廷,quadras
廷,"quadra imperial"
廷,"escritório de governo"
弟,"irmão mais jovem"
抵,resistir
抵,alcançar
抵,tocar
提,propor
提,"levar junto"
提,"carregar na mão"
程,extensão
程,grau
程,lei
程,fórmula
程,distância
程,limites
程,quantia
締,apertar
締,amarrar
締,fechar
締,travar
艇,"Barco a remo"
艇,"pequeno barco"
訂,revisar
訂,corrigir
訂,decidir
逓,"Em cadeia"
逓,"em fila"
逓,enviar
邸,residência
邸,mansão
泥,lama
泥,lodo
泥,aderir
泥,"ser anexado"
摘,pouco
摘,escolher
摘,puxão
摘,arrumar
摘,recomeçar
敵,inimigo
敵,adversário
滴,gota
滴,gotejar
的,"Centro do alvo"
的,marca
的,alvo
的,objeto
笛,flauta
笛,clarinete
笛,assobio
笛,"gaita de foles"
笛,flautim
適,raro
適,ocasional
適,conveniente
適,qualificado
適,capaz
哲,filosofia
哲,clarear
徹,penetrar
徹,limpar
徹,furar
徹,"ficar acordado ( noite toda)"
撤,remover
撤,retirar
撤,desarmar
撤,desmantelar
撤,rejeitar
撤,excluir
迭,transferir
迭,alternar
鉄,ferro
典,código
典,cerimônia
典,lei
典,regra
天,paraíso
天,ceú
天,imperiais
展,desdobrar
展,expandir
店,loja
店,comércio
添,anexar
添,acompanhar
添,casa
添,terno
添,reunião
添,satisfazer
添,adorna
添,imitar
転,revolver
転,"voltar a ser"
転,mudança
点,ponto
点,marca
点,"ponto decimal"
伝,transmitir
伝,progredir
伝,"andar ao longo"
伝,seguir
伝,relatório
伝,comunicar
伝,lenda
伝,tradição
殿,Sr.
殿,corredor
殿,mansão
殿,palácio
殿,templo
殿,senhor
田,"campo de arroz"
田,"arroz sem beneficiar"
電,eletricidade
吐,cuspir
吐,vômito
吐,arroto
吐,confessar
吐,"contar (mentiras)"
塗,pintura
塗,gesso
塗,emplastar
塗,untar
塗,cobertura
徒,júnior
徒,vazio
徒,vaidade
徒,futilidade
徒,inutilidade
徒,"coisa efêmera"
徒,gangue
徒,conjunto
徒,festa
徒,pessoas
斗,"concha grande"
斗,"concha p/ sake"
斗,"medida de volume"
渡,transito
渡,vau
渡,balsa
渡,cruzar
渡,importar
渡,entregar
渡,diâmetro
渡,emigrar
登,subir
登,escalar
途,rota
途,caminho
途,estrada
都,metropole
都,capital
努,"Trabalho duro"
努,diligente
度,graus
度,ocorrência
度,tempo
度,"sufixo para contagem de para ocorrências"
土,solo
土,terra
土,chão
土,Turquia
奴,serva
奴,escrava
奴,"dama de companhia"
怒,Zangado
怒,ofender-se
倒,"Queda de regime"
倒,queda
倒,colapso
倒,gota
倒,deposição
党,partido
党,facção
党,claque
冬,Inverno
凍,congelado
凍,congelar
凍,refrigerar
刀,espada
刀,sabre
刀,faca
唐,T'ang
唐,China
塔,pagode
塔,torre
塔,campanário
島,ilha
悼,lamento
悼,"sentir pesar"
投,arremessar
投,descartar
投,desembaraçar
投,lançar
投,unir
投,investir
投,atirar
投,desistir
投,"vender com perdas"
搭,juntar
搭,"carregar (um veículo)"
搭,viagem
東,Oriente
桃,pêssegueiro
棟,"Trave horizontal"
棟,sulcar
盗,roubar
盗,roubo
盗,furtar
湯,"água quente"
湯,banho
湯,"fonte quente"
灯,lâmpada
灯,luz
灯,"sufixo p/ contagem de luzes"
当,golpear
当,direita
当,apropriada
当,"ele próprio"
痘,varíola
痘,catapora
等,etc.
等,"e assim por diante"
等,"classe (1º"
等,"2º )"
等,qualidade
等,igual
等,semelhante
答,solução
答,resposta
筒,cilindro
筒,tubo
筒,cano
筒,"cano de arma"
筒,manga
糖,açúcar
統,global
統,relacionamento
統,controlar
統,governante
到,chegar
到,continuar
到,alcançar
到,atingir
到,"resultar em"
討,castigar
討,atacar
討,derrotar
討,destruir
討,conquistar
謄,mimeográfo
謄,cópia
豆,feijões
豆,ervilha
豆,nanico
踏,passo
踏,atropelar
踏,persistir
踏,avalia
踏,"escapar de pagamento"
逃,escapar
逃,fugir
逃,esquivar
逃,libertar
透,transparente
透,permeear
透,filtrar
透,penetrar
陶,cerâmica
陶,porcelana
頭,cabeça
頭,"sufixo para contagem de animais grandes"
騰,inflação
騰,avançar
騰,ir
闘,luta
闘,guerra
働,trabalho
動,mover
動,movimento
動,mudança
動,jáfusão
動,trocar
動,agitar
同,mesmo
同,concorda
同,igual
堂,"câmara pública"
堂,corredor
導,orientação
導,conduzindo
導,conduta
導,organizador
洞,gruta
洞,caverna
洞,escavação
童,juvenil
童,criança
胴,tronco
胴,torso
胴,"casco (navio)"
胴,"cubo de roda"
道,Caminho
道,estrada
道,rua
道,distrito
道,viagem
道,curso
道,moral
道,ensinamentos
道,filosofia
銅,cobre
峠,"pico de montanha"
峠,"passagem de montanha"
峠,clímax
峠,cume
匿,esconda
匿,abrigo
匿,escudo
得,ganho
得,obtem
得,achado
得,ganhar
得,adquirir
得,poder
得,capacidade
得,lucro
得,vantagem
得,benefício
徳,benevolência
徳,virtude
徳,bondade
徳,"comandando respeito"
特,Especial
督,técnico
督,comando
督,desejo
督,primazia
督,supervisionar
篤,caloroso
篤,humano
篤,sério
篤,cordial
篤,ponderado
毒,veneno
毒,vírus
毒,envenenamento
毒,germe
毒,dano
毒,injúria
毒,maldade
独,solteiro
独,só
独,espontaneamente
独,Alemanha
読,leia
凸,convexo
凸,ímpar
突,apunhalar
突,perfurar
突,empurrar
突,empurrão
突,furar
届,entregar
届,alcançar
届,chegar
届,relatório
届,notificar
屯,quarteis
屯,"estação de polícia"
屯,acampamento
豚,"Carne de porco"
豚,porco
曇,"tempo nublado"
曇,nublar
鈍,tolo
鈍,lento
鈍,estúpido
鈍,embotado
鈍,"sem corte"
内,interior
内,dentro
内,entre
内,dentre
内,casa
縄,"corda de palha"
縄,corda
南,sul
軟,macio
難,impossível
難,difícil
難,dificuldade
難,acidente
難,defeito
二,dois
尼,Freira
弐,II
弐,dois
弐,segundo
肉,carne
日,dia
日,sol
日,Japão
乳,leite
乳,peitos
入,entrar
入,inserir
如,semelhança
如,gostar
如,"tal como"
如,"como se"
如,melhor
如,igual
尿,Urina
任,responsabilidade
任,dever
任,termo
任,"confiar para"
任,nomear
妊,gravidez
忍,suporte
忍,carregar
忍,tolerar
忍,esconder
忍,ocultar
忍,espionar
忍,furtivo
認,reconhecer
認,testemunhar
認,discernir
認,apreciar
認,acreditar
寧,melhor
寧,preferivelmente
猫,Gato
熱,calor
熱,temperatura
熱,febre
熱,mania
熱,paixão
年,Ano
念,desejo
念,sentido
念,idéia
念,pensamento
念,sentimento
念,atenção
燃,queimadura
燃,chama
燃,ardor
粘,grudento
粘,aglutinado
粘,gorduroso
粘,perseverar
悩,dificuldade
悩,preocupação
悩,perigo
悩,doença
濃,concentrado
濃,grosso
濃,espesso
濃,"não diluído"
納,acordo
納,obtem
納,colheita
納,pagamento
納,oferta
納,loja
能,capacidade
能,talento
能,habilidade
脳,cérebro
脳,memória
農,agricultura
農,fazendeiros
把,agarre
把,pacote
把,punhado
把,"sufixo para contagem de pacotes"
覇,hegemonia
覇,supremacia
覇,liderança
覇,campeão
波,ondas
波,vagas
波,Polônia
派,facção
派,grupo
派,partido
派,claque
派,seita
派,escola
破,arrancar
破,rasgar
破,lágrima
破,quebrar
破,destruir
破,derrotar
破,frustrar
婆,senhora
婆,avó
婆,"ama de leite"
馬,Cavalo
俳,haiku
俳,ator
廃,cancelar
廃,obsoleto
廃,trégua
廃,descarte
廃,desembaraço
拝,venerar
拝,adorar
拝,"orar para"
排,repudiar
排,excluir
排,expelir
排,rejeitar
敗,falha
敗,derrota
敗,"mudança na sorte"
杯,"Copo cheio"
杯,"garrafa de vinho"
杯,garrafa
杯,vivas
背,estatura
背,altura
背,costas
背,atrás
背,desobedecer
背,desafiar
背,"quebrar promesum"
背,rebelar
肺,pulmões
輩,camarada
輩,companheiro
輩,colega
輩,pessoas
配,distribuir
配,cônjuge
配,exílio
配,racionamento
倍,Duplicar
倍,"duas vezes"
倍,tempos
倍,dobra
培,cultivar
培,alimentar
媒,mediador
媒,"ir entre"
梅,ameixa
買,comprar
売,Vender
賠,compensação
賠,indenização
陪,cortesia
陪,seguir
陪,acompanhar
陪,atender
伯,chefe
伯,conta
伯,conde
伯,tio
伯,Brasil
博,Dr.
博,comando
博,estima
博,"vencedor por aclamação"
博,Ph.D.
博,exposição
博,feira
拍,aplauso
拍,"batida (música)"
泊,"durante a noite"
泊,propor
泊,"navegar ancorado"
泊,"estadia de 3 dias"
白,branco
舶,"Navio de linha regular"
舶,nave
薄,diluir
薄,fraco
薄,"ralo (chá)"
迫,Urgir
迫,forçar
迫,esporear
漠,vago
漠,obscurecer
漠,deserto
漠,vasto
爆,bomba
爆,explodir
爆,estouro
爆,fender
縛,atar
縛,prender
縛,unir
縛,amarrar
縛,apertar
麦,cevada
麦,trigo
箱,caixa
箱,tórax
箱,"caixa de papelão"
箱,depósito
箱,"carro de estrada de ferro"
肌,textura
肌,pele
肌,corpo
肌,granulação
畑,fazenda
畑,campo
畑,jardim
畑,especialidade
八,Oito
鉢,taça
鉢,"balde de arroz"
鉢,pote
鉢,coroa
発,liberar
発,partida
発,publicar
発,emitir
発,"a partir de"
発,revelar
髪,"cabelo da cabeça"
伐,Derrotado
伐,bater
伐,ataque
伐,punir
罰,penalidade
罰,punição
抜,deslizar
抜,extrato
抜,arrancar
抜,furtar
抜,citação
抜,remover
抜,omitir
閥,grupo
閥,linhagem
閥,pedigree
閥,facção
閥,clã
伴,consorte
伴,acompanhar
伴,"trazer com"
伴,companheiro
判,julgamento
判,assinatura
判,selo
判,carimbo
半,metade
半,médio
半,"número ímpar"
半,semi-
半,parte-
反,anti-
帆,Vela
搬,"Correia transportadora"
搬,carregar
搬,transportar
板,prancha
板,junta
板,prato
板,estágio
版,Imprimir
版,edição
版,impressão
版,rótulo
犯,crime
犯,pecado
犯,ofensa
班,esquadra
班,"corpos (mil.)"
班,unidade
班,grupo
畔,"Sulco p/ plantar arroz"
畔,"represa p/ plantar arroz"
繁,luxuriante
繁,espesso
繁,"coberto de vegetação"
繁,frequência
繁,complexidade
繁,dificuldade
般,carregador
般,carregar
般,todo
藩,clã
藩,cerca
販,negociar
販,vender
販,comercializar
範,modelo
範,exemplo
煩,ansiedade
煩,dificuldade
煩,preocupação
煩,dor
煩,mal
煩,aborrecer
煩,chateação
煩,irritante
頒,partição
頒,compreende
飯,refeição
飯,"arroz cozido"
晩,"Cair da noite"
晩,anoitecer
晩,noite
番,vez
番,"número em uma série"
盤,bandeija
盤,"taça rasa"
盤,tijela
盤,galão
盤,"tábua p/ mesa"
盤,"disco (fon.)"
蛮,bárbaro
卑,humilde
卑,ordinário
卑,vil
卑,vulgar
否,negue
否,não
否,recusa
否,decadência
否,negar
妃,rainha
妃,princesa
彼,ele
彼,que
彼,o
悲,"célula de cadeia"
悲,enlutar
悲,triste
悲,deplorar
悲,lamentar
扉,"porta frontal"
扉,"página de título"
扉,"página frontal"
批,Críticar
批,bater
披,expor
披,abrir
比,comparar
比,corrida
比,razão
比,Phillipines
泌,Esvair-se
泌,fluxo
泌,ensopar
泌,penetrar
泌,ocultar
疲,exaurido
疲,exausto
疲,cansado
皮,pelego
皮,pele
皮,esconder
皮,couro
碑,lápide
碑,monumento
秘,segredo
秘,esconder
罷,deixar
罷,parada
罷,sacar
罷,ir
肥,fertilizar
肥,engordar
肥,fértil
肥,estrume
肥,mimar
被,incorrer
被,cobrir
被,velar
被,chocar
被,proteger
被,vestir
被,"vestir- se"
被,"expor (filme)"
被,recepção
費,despesa
費,custo
費,gastar
費,consumir
費,perder
避,Evadir-se
避,evitar
避,prevenir-se
避,guardar-se
避,esquivar-se
避,escapar
非,"Prefixo negativo in-"
非,erro
非,negativa
非,injustiça
飛,voar
飛,"pular (páginas)"
飛,dispersar
備,equipe
備,provisão
備,preparação
尾,rabo
尾,fim
尾,"sufixo para contagem de p/ peixes"
尾,"fundo de uma rampa"
微,delicado
微,miudeza
微,insignificancia
美,beleza
美,bela
鼻,nariz
鼻,focinho
鼻,tromba
匹,igual
匹,cabeça
匹,"sufixo para contagem de para pequenos animais"
匹,"rolo de pano"
必,invariavelmente
必,inevitável
必,certo
筆,"Pincel de escrever"
筆,escrever
筆,pincel
筆,manuscrito
姫,princesa
百,cem
俵,bolsa
俵,fardo
俵,sacola
俵,"sufixo para contagem de para bolsas"
標,"Sinal de tráfego"
標,carimbo
標,marca
標,selo
標,"sinal impresso"
標,símbolo
標,emblema
標,"marca registrada"
標,evidência
標,lembrança
標,alvo
氷,estalactite
氷,gelo
氷,granizo
氷,geada
氷,congela
漂,rumo
漂,"bóiar (em líquido)"
票,voto
票,rótulo
票,bilhete
票,signo
表,superfície
表,tabela
表,gráfico
表,diagrama
評,avaliar
評,críticar
評,comentário
評,crítica
描,esboço
描,compor
描,escrever
描,desenhar
描,pintura
病,mal
病,doente
秒,"segundo (1/ 60 minuto)"
苗,"Muda (planta)"
苗,broto
品,bens
品,refinamento
品,dignidade
品,artigo
品,"sufixo para contagem de para pratos de refeição"
浜,praia
浜,costa
貧,pobreza
貧,pobre
賓,V.I.P.
賓,"convidado especial"
頻,repetidamente
頻,recorrente
敏,inteligência
敏,ágil
敏,alerta
瓶,"Vaso de flores"
瓶,garrafa
瓶,garrafinha
瓶,jarro
瓶,barril
瓶,cântaro
不,"Prefixo negativo"
不,negativa
不,não
不,feia
不,ruim
不,deselegante
付,aderir
付,anexar
夫,marido
夫,homem
婦,dama
婦,mulher
婦,esposa
婦,noiva
富,riqueza
富,enriquecer
富,abundante
布,Linho
布,pano
府,burgo
府,"região urbana"
府,altocomissariado
府,"corpo representativo"
府,depósito
怖,terrível
怖,assustar-se
怖,medroso
扶,ajudar
扶,ajuda
扶,auxiliar
敷,espalhar
敷,pavimentar
敷,assentar
敷,promulgar
普,vasto
普,universal(mente)
普,geralmente
普,Prussia
浮,boiando
浮,bóia
浮,"subir para superfície"
父,pai
符,símbolo
符,signo
符,marca
符,contagem
符,charme
腐,prodre
腐,apodrecer
腐,azedar
膚,pele
膚,corpo
膚,grão
膚,textura
膚,disposição
譜,"nota musical"
譜,música
譜,nota
譜,pessoal
譜,tabela
譜,genealogia
負,derrotar
負,negativa
負,menos
負,carregar
負,"dever a"
負,"assumir uma responsabilidade"
賦,ode
賦,prosa
賦,poema
賦,tributo
賦,prestações
賦,tributar
赴,continuar
赴,obterm
赴,tornar-se
赴,tender
附,fixar
附,anexar
附,"referir-se a"
侮,desdém
侮,desprezo
侮,desprezar
武,guerreiro
武,militar
武,cavalaria
武,armas
舞,dançar
舞,fugir
舞,círculo
舞,roda
部,seção
部,biro
部,departamento
部,classe
部,cópia
部,parte
部,porção
部,"sufixo para contagem de jornais ou revistas"
封,carimbo
封,fechamento
風,vento
風,ar
風,estilo
風,maneira
伏,prostrado
伏,"curva abaixo"
伏,proa
伏,capa
副,vice-
副,duplicar
副,cópia
復,restaurar
復,retornar
復,reverter
復,recomeçar
幅,laço
幅,largura
服,vestuário
服,permitir
服,obedecer
服,descarregar
福,benção
福,fortuna
福,sorte
福,riqueza
腹,abdômen
腹,estômago
腹,barriga
複,duplicação
複,duplicar
複,composto
複,múltiplo
覆,emborcar
覆,capa
覆,matiz
覆,manto
覆,arruinar-se
払,pagamento
払,limpar
払,podar
払,bamir
払,"livra-se de"
沸,borbulhar
沸,ferver
沸,agitação
沸,barulho
沸,criar
仏,Buddha
仏,"o morto"
仏,França
物,coisa
物,objeto
物,matéria
分,parte
分,minuto
分,segmento
分,grau
分,dever
分,compreender
分,saber
分,valor
分,1%
分,oportunidades
分,shaku/100
噴,irromper
噴,repuxo
噴,emitir
噴,excitar
墳,túmulo
墳,montículo
憤,estimulado
憤,resentido
憤,"estar indignado"
憤,raiva
奮,revigorar
奮,florescer
粉,farinha
粉,pó
粉,poeira
紛,distrair
紛,"ser incorreto para"
紛,desviar-se
紛,desviar
雰,atmosfera
雰,nevoeiro
文,sentença
文,literatura
文,estilo
文,arte
文,decoração
文,figuras
文,plano
聞,escutar
聞,perguntar
聞,escuta
丙,"terceira classe"
丙,3º
丙,"3º signo do calendário Chinês"
併,unir
併,reúnir
併,coletivo
兵,soldado
兵,particular
兵,tropas
兵,exército
兵,guerra
兵,estratégia
兵,tática
塀,cerca
塀,parede
幣,Caixa
幣,"maus hábitos"
幣,"prefixo p/ expressar humildade"
幣,presente
幣,"oferendas em roupas Shinto"
幣,corda
幣,"cortar papel"
平,"até mesmo"
平,apartamento
平,paz
弊,abuso
弊,mau
弊,mal
弊,ruptura
柄,projeto
柄,modelo
柄,construção
柄,natureza
柄,cabo
柄,manivela
柄,maçaneta
柄,puxador
並,fila
並,e
並,"além disso"
並,"assim como"
並,"faz fila"
並,"classifica com"
並,rival
並,igual
閉,fechado
閉,fechar
陛,alteza
陛,"degraus (do trono)"
米,arroz
米,EUA
壁,parede
壁,forro
壁,cerca
癖,maneirismo
癖,hábito
癖,vício
癖,traço
癖,falta
癖,entortar
別,separar
別,"ramo desligado"
別,divergir
別,garfo
別,outro
別,extra
別,especialmente
偏,parcial
偏,lado
偏,"lado esquerdo"
偏,radical
偏,inclinar-se
偏,tendencioso
変,raro
変,mudança
変,estranhar
片,unilateral
片,"folha de papel"
片,"folha (árvore)"
編,acumulo
編,tricotar
編,trançar
編,trança
編,torcer
編,editar
編,"poema completo"
編,"divisão de um livro"
辺,arredores
辺,limite
辺,borda
辺,vizinhança
返,retornar
返,responder
返,desvanecer
返,pagar
遍,"em toda parte"
遍,tempos
遍,amplamente
便,conveniência
勉,esforço
弁,válvula
弁,petala
弁,trança
弁,discurso
弁,dialeto
弁,discriminação
弁,"livrar-se de"
弁,distinguir
保,"proteger garantia"
保,guarda
保,preservar
保,sustentar
保,apoiar
舗,Loja
捕,pegar
捕,capturar
歩,passeio
補,suplemento
補,oferta
補,cumprir
補,indenizar
補,compensar
補,assistente
補,aprendiz
穂,"espiga (grão)"
穂,"penacho (planta)"
穂,"crista (onda)"
募,recrutar
募,campanha
募,"juntar (contribuições)"
募,alistar
募,"ficar violento"
墓,tumba
墓,túmulo
慕,Consumir-se
慕,"sentir saudades"
慕,amar
慕,adorar
暮,"meio de vida"
暮,"ganhar a vida"
暮,"gastar tempo"
母,mãe
母,materno
簿,registro
簿,"registrar em livros"
倣,emular
倣,imitar
俸,estipêndio
俸,salário
包,movimentar
包,embrulhar
包,capa
包,esconde
報,relatório
報,notícias
報,recompensa
報,retribuição
奉,observância
奉,oferecer
奉,presente
奉,dedicar
宝,tesouro
宝,riqueza
宝,valores
峰,"reunião de cúpula"
峰,pico
崩,Demolir
崩,murchar
崩,aplainar
抱,abraço
抱,abraçar
抱,"segura em braços"
放,libertar
放,liberação
放,fogo
放,disparar
放,emitir
放,banir
放,liberar
方,direção
方,pessoa
方,alternativa
法,método
法,lei
法,regra
法,princípio
法,modelo
法,sistema
泡,bolhas
泡,espuma
砲,canhão
砲,arma
縫,costurar
縫,cozer
縫,borda
胞,placenta
胞,bolsa
胞,estojo
芳,perfume
芳,calmante
芳,cheiroso
芳,fragrante
褒,elogio
褒,enaltecer
訪,invocar
訪,visitar
訪,melhorar
訪,"oferecer simpatia"
豊,abundante
豊,rico
豊,excelente
邦,"Terra natal"
邦,país
邦,Japão
飽,saciado
飽,"cansado de"
飽,entediado
飽,hátisfeito
乏,privação
乏,escasso
乏,limitado
亡,falecido
亡,agonizante
亡,atrasado
亡,perecer
傍,espectador
傍,"além disso"
傍,enquanto
傍,"muito próximo"
傍,"3ª pessoa"
剖,divida
坊,menino
坊,"residência do padre"
坊,padre
坊,seu
坊,"ou seu menino"
妨,perturbar
妨,prevenir
妨,atrasar
妨,obstruir
帽,boné
帽,chapéu
忘,Esquecer
忙,ocupado
忙,incansável
房,moita
房,franja
房,punhado
房,"mecha (cabelo)"
房,"gomos (laranja)"
房,casa
房,quarto
暴,explosão
暴,enfurecer
暴,preocupação
暴,força
暴,violência
暴,crueldade
暴,escandalo
望,ambição
望,"lua cheia"
望,esperança
望,desejo
望,aspirar
望,esperar
某,assim-e-assim
某,um
某,"um certo"
某,"aquela pessoa"
棒,vara
棒,pau
棒,poste
棒,bastão
棒,ramo
冒,risco
冒,enfrentar
冒,desafiar
冒,ousar
冒,prejuízo
冒,"assumir (um nome)"
紡,Girar
肪,obeso
肪,gordura
膨,inchar
膨,engordar
膨,espesso
謀,conspirar
謀,engano
謀,impor
謀,plano
謀,inventar
謀,esquema
謀,"tem em mente"
謀,enganar
貿,comercializar
貿,trocar
防,desligar
防,defender
防,proteger
防,resistir
北,norte
僕,me
僕,"a mim"
僕,"Eu (masculino)"
墨,"tinta preta"
墨,"tinta da Índia"
墨,"pau de tinta"
墨,nanquin
墨,México
撲,tapa
撲,bater
撲,acesso
撲,batida
撲,contar
撲,falar
朴,simples
朴,cru
朴,planície
朴,dócil
牧,raça
牧,importar-se
牧,guiar
牧,alimentar
牧,pastoreio
没,afogar
没,afundar
没,esconder
没,"cair na mãos de"
没,desaparecer
没,evaporar
堀,trincheira
堀,fosso
堀,canal
奔,tumulto
奔,correria
本,livro
本,presente
本,real
本,verdadeiro
本,principal
本,"sufixo p/ contagem De coisas longas"
翻,sacudidela
翻,virar
翻,onda
翻,tumulto
翻,"mudar de idéia"
凡,medíocre
盆,bacia
盆,bandeja
摩,escoriação
摩,raspar
摩,polir
摩,alcance
摩,arranhão
磨,moer
磨,polir
磨,explorar
磨,melhorar
磨,"escovar (dentes)"
魔,bruxa
魔,demônio
魔,"espírito do mal"
麻,cânhamo
麻,linho
埋,enterrar
埋,ocupar-se
埋,embutido
妹,"irmã mais jovem"
枚,"folha de..."
枚,"sufixo para contagem de para objetos finos"
枚,"chatos ou folhas"
毎,todo
幕,cortina
幕,"pano p/ decoração"
幕,"atuar em peças teatrais"
膜,membrana
又,"ou outra vez"
又,"além disso"
又,"na outra mão"
抹,esfregar
抹,pintura
抹,apagar
末,"não ainda"
末,fim
末,fechar
末,dica
末,pó
末,posteridade
繭,casulo
万,"dez mil"
慢,ridículo
慢,preguiçoso
満,cheio
満,bastante
満,orgulho
満,satisfaz
漫,"desenho animado"
漫,involuntariamente
漫,"no interesse de a si próprio"
漫,corrompido
味,sabor
味,gosto
未,já-
未,"não ainda"
未,"até aqui"
未,ainda
未,"até mesmo agora"
魅,fascinação
魅,charme
魅,fascinar
岬,cabo
岬,ponta
岬,promontorio
密,segredo
密,densidade
密,pormenor
密,cuidado
脈,veia
脈,pulso
脈,esperança
妙,estranho
妙,seleto
妙,afeminado
妙,mistério
妙,milagre
妙,charmoso
妙,delicado
妙,excelente
民,pessoas
民,nação
民,assuntos
眠,sono
眠,morrer
眠,sonolento
務,tarefa
務,deveres
夢,sonho
夢,visão
夢,ilusão
無,"Sem valor"
無,nada
無,"não sou/ estou"
無,nihil
無,não
矛,alabarda
矛,armas
矛,"carro alegórico"
霧,nevoeiro
霧,névoa
霧,neblina
婿,noivo
婿,genro
娘,filha
娘,moça
名,nome
名,fama
名,distinção
名,reputação
命,destino
命,comando
命,decreto
命,vida
明,brilhante
明,luz
盟,aliança
盟,juramento
迷,desviado
迷,"estar perplexo"
迷,"em dúvida"
迷,perdido
迷,errar
迷,ilusão
銘,inscrição
銘,"assinatura (de artesão)"
鳴,gorjeio
鳴,choro
鳴,latido
鳴,som
鳴,argola
鳴,eco
鳴,buzina
滅,destruir
滅,arruinar
滅,extinguir
滅,golpe
免,Desculpar
免,demissão
綿,Algodão
面,máscara
面,rosto
面,recursos
面,superfície
模,imitação
模,cópia
模,burla
茂,"Coberto de plantas"
茂,"cresce forte"
茂,luxuriante
妄,desilusão
妄,desnecessariamente
妄,"sem autoridade"
妄,inconsequente
毛,peles
毛,cabelo
毛,pena
毛,abaixo
猛,feroz
猛,enfurecer
猛,acelerar
猛,"tornar-se furioso"
猛,selvageria
猛,vigor
盲,cortina
盲,"homem cego"
盲,ignorante
網,enredar
網,rede
耗,decréscimo
木,árvore
木,madeira
黙,silêncio
黙,"tornar-se silencioso"
黙,"parar de falar"
黙,"deixar como está"
目,olho
目,classe
目,olhar
目,visão
目,experiência
目,atenção
目,favor
戻,re-
戻,volta
戻,reverter
戻,recomeçar
戻,restaurar
戻,retornar
問,perguntar
問,pergunta
問,problema
紋,"Brazão de família"
紋,figuras
門,portões
匁,monme
匁,"3.75 gramas"
夜,noite
夜,"à noite"
野,planícies
野,campo
野,rústico
野,"vida de civil"
矢,dardo
矢,flecha
厄,infeliz
厄,desgraça
厄,"sorte ruim"
厄,desaster
役,dever
役,guerra
役,campanha
役,esboço
役,escritório
役,serviço
役,papel
約,promessa
約,aproximadamente
約,recuar
薬,remédio
薬,"produto químico"
薬,esmalte
薬,pólvora
薬,benefício
訳,traduzir
訳,razão
訳,circunstância
訳,caso
躍,saltar
躍,dançar
躍,pular
柳,salgueiro
愉,prazer
愉,feliz
愉,júbilo
油,petróleo
油,gordura
油,óleo
癒,restabelecimento
癒,cura
癒,"saciar (sede)"
癒,"saciar vontade de vingança"
諭,repreensão
諭,advertir
諭,carga
諭,avisar
諭,persuadir
輸,transportar
輸,enviar
輸,"estar inferiorizado"
唯,somente
唯,unicamente
唯,meramente
唯,simplesmente
優,ternura
優,superar
優,superação
優,ator
優,superioridade
優,gentileza
勇,coragem
勇,torcer
勇,"estar em altos espíritos"
勇,heroísmo
友,amigo
幽,isolar
幽,"confina para um quarto"
悠,permanência
悠,"tempo longo"
悠,distante
悠,lazer
憂,melancolia
憂,luto
憂,lamento
憂,"está infeliz"
憂,triste
憂,ansioso
有,possuir
有,ter
有,existir
有,acontecer
有,ocorrer
有,aproximadamente
有,haver
猶,"além disso"
猶,ainda
由,porquanto
由,"por conseguinte"
由,"uma razão"
裕,fértil
裕,rico
裕,abundante
誘,atrair
誘,primazia
誘,tentação
誘,convidar
誘,perguntar
誘,pedir
誘,seduzir
誘,fascinação
遊,Jogo
遊,jogar
郵,correio
郵,"parada de diligência"
雄,masculino
雄,másculo
雄,herói
雄,líder
雄,superioridade
雄,excelência
融,dissolver
融,derreter
夕,Noite
予,"de antemão"
予,prévio
予,"eu mesmo"
予,Eu
余,demais
余,"eu mesmo"
余,excedente
余,outro
余,restante
与,conferir
与,"participar em"
与,prêmio
与,dar
与,fornecer
与,causa
与,presente
与,dádiva
誉,reputação
誉,elogio
誉,honra
誉,glória
預,depósito
預,custódia
預,"deixa com"
預,háfiar
幼,infância
容,conteúdo
容,forma
容,aparência
庸,"lugar comum"
庸,comum
庸,emprego
揚,levantar
揚,"fritar em gordura funda"
揺,balançar
揺,agitar
揺,oscilação
揺,sacudir
揺,tremer
揺,vibrar
擁,abraçar
擁,possuir
擁,proteger
擁,primazia
曜,"dia útil"
様,Senhor
様,estilo
様,modos
様,"sufixo polido para senhor."
洋,oceano
洋,"estilo ocidental"
溶,derreter
溶,dissolver
溶,"fundir (neve)"
用,utilizar
用,negócios
用,serviço
用,usar
用,empregar
窯,fornalha
窯,forno
羊,carneiro
葉,folha
葉,avião
葉,ponta
葉,agulha
葉,lâmina
葉,lança
葉,"sufixo p/ contagem de coisas chatas"
要,necessidade
要,"ponto principal"
要,essência
要,pivô
要,"chave para"
謡,"Canto de teatro noh"
踊,salto
踊,dança
踊,saltar
踊,pular
陽,"brilho do sol"
陽,"princípio do yang"
陽,positivo
陽,masculino
陽,paraíso
陽,dia
養,alimentar
養,educar
養,cultivar
養,desenvolvee
養,nutrir
抑,reprimir
抑,bem
抑,agora
抑,"no primeiro lugar"
抑,empurrar
抑,pressionar
抑,imprenum
抑,carimbo
抑,"fazer apesar de"
欲,ambicionar
欲,cobiça
欲,ambição
欲,paixão
欲,desejo
欲,almejar
浴,banhar
浴,favorecer-se
浴,"aquecer-se ao sol"
翌,"o seguinte"
翌,próximo
翼,asa
翼,avião
翼,flanco
羅,gaze
羅,"seda fina"
羅,Roma
裸,descoberto
裸,nu
裸,"parcialmente vestido"
来,Vir
来,devido
来,próximo
来,causa
来,tornar-se
頼,confiança
頼,solicitação
雷,trovão
雷,raio
絡,enroscar
絡,enrolar
絡,"ser apanhado em"
落,cair
落,gotejar
落,descer
酪,"produtos lácteos"
酪,creme
酪,caldo
酪,"suco de fruta"
乱,distúrbio
乱,guerra
乱,desordenar
乱,perturbar
卵,ovo
卵,óvulo
卵,desovar
卵,"ova de peixe"
欄,coluna
欄,corrimão
欄,vazio
欄,espaço
濫,excessivo
濫,inundação
濫,"espalhar por"
覧,"Ler com atenção"
覧,ver
利,lucro
利,vantagem
利,benefício
吏,oficial
吏,"um oficial"
履,calçado
履,sapatos
履,botas
履,"usar (sapatos"
履,meias)
理,lógica
理,arranjo
理,razão
理,justiça
理,verdade
痢,diarréia
裏,costas
裏,"no meio de"
裏,em
裏,inverter
裏,interior
裏,palma
裏,atrás
裏,forro
裏,"lado errado"
里,aldeia
里,"casa paterna"
里,légua
離,separar
離,separação
離,digressão
離,divagação
陸,terra
律,ritmo
律,lei
律,regulamento
律,medida
律,controle
率,razão
率,valor
率,proporção
率,%
率,coeficiente
率,fator
立,"Ficar de pé"
立,levantar-se
略,abreviação
略,omissão
略,contornar
略,capturar
略,saquear
流,corrente
流,afundar
流,fluxo
流,derrocada
留,deter
留,segurar
留,parar
留,interromper
硫,enxofre
粒,graões
粒,gota
粒,"sufixo para contagem de partículas pequeninas"
隆,corcova
隆,alto
隆,nobre
隆,prosperidade
竜,"dragão imperial"
慮,prudência
慮,pensamento
慮,assunto
慮,considera
慮,deliberate
慮,medo
旅,viagem
旅,jornada
虜,cativo
虜,bárbaro
虜,"epíteto ofensivo ao inimigo"
了,Completar
了,fim
僚,colega
僚,oficial
僚,companheiro
両,ambos
両,"moeda Japonesa antiga"
両,"nº de veículos"
両,dois
寮,dormitório
寮,hospedaria
寮,palacete
寮,"casa de chá"
料,taxa
料,materiais
涼,"fresco e agradável"
涼,refrescante
猟,caçada
猟,disparar
猟,caçar
療,cura
療,curar
糧,provisões
糧,comida
糧,pão
良,bom
良,agradável
良,hábil
量,quantidade
量,medida
量,peso
量,quantia
陵,mausoleo
陵,"túmulo imperial"
領,jurisdição
領,domínio
領,território
領,feudo
領,reino
力,força
力,forte
力,esforço
力,suportar
力,exercer
緑,Verde
倫,ética
倫,companheiro
厘,"Antiga unidade"
厘,"milésimo de yen"
厘,0
厘,"3 milímetros"
林,bosque
林,floresta
臨,considerar
臨,enfrentar
臨,reunião
臨,confrontar
臨,coparecer
臨,invocar
輪,roda
輪,argola
輪,círculo
輪,elo
輪,laço
輪,"comtador para rodas e flores"
隣,vizinho
塁,fundamentos
塁,base
塁,proteção
塁,paredes
塁,basebol
涙,lágrimas
涙,simpatia
累,acumular
累,envolvimento
累,problemas
累,conexão
累,continuamente
類,espécie
類,tipo
類,variedade
類,classe
類,gênero
令,pedidos
令,"leis antigas"
令,comando
令,decreto
例,exemplo
例,costume
例,uso
例,precedente
冷,fresco
冷,"frio (cerveja"
冷,pessoa)
冷,calafrio
励,encorajar
励,"estar diligente"
励,inspirar
礼,saudação
礼,reverência
礼,cerimônia
礼,agradecimento
礼,remuneração
鈴,"pequeno sino"
鈴,campainha
隷,escravo
隷,servo
隷,prisioneiro
隷,criminosso
隷,seguidor
零,zero
零,entornar
零,inundação
零,nada
零,cifra
霊,espíritos
霊,alma
霊,fantasmas
麗,amável
麗,companheiro
齢,idade
暦,calendário
暦,almanaque
歴,currículo
歴,continuação
歴,"passagem de tempo"
列,arquivo
列,fila
列,posição
列,alinhamento
列,coluna
劣,inferioridade
劣,"está inferiorizado"
劣,piorar
烈,severo
烈,furioso
烈,veemente
烈,violento
烈,ardente
烈,extremo
裂,partir
裂,arrancar
裂,lágrimas
廉,pechincha
廉,razão
廉,carga
廉,suspeita
廉,ponto
廉,conta
廉,pureza
廉,"preço baixo"
廉,honesto
廉,barato
廉,descansado
廉,pacífica
廉,satisfeita
恋,romance
恋,apaixonar-se
恋,"sentir saudades"
恋,"sentir falta"
練,prática
練,brilho
練,treinar
練,exercitar
練,polir
練,refinar
連,"Levar pelo caminho"
連,primazia
連,unir
連,conectar
連,partido
連,gangue
連,grupo
錬,tempera
錬,refinar
錬,broca
錬,treinar
錬,polir
炉,lareira
炉,forno
炉,fornalha
炉,reator
路,caminho
路,rota
路,estrada
路,distância
露,orvalho
露,lágrimas
露,mortalidade
露,fragilidade
労,trabalho
労,agradecer
労,recompensar
労,dificuldade
廊,corredor
廊,ala
廊,torre
朗,melódico
朗,limpa
朗,alegre
朗,sereno
朗,brilhante
楼,vigia
楼,vigilância
楼,"alto edifício"
浪,vagabundando
浪,ondas
浪,vagas
漏,vazamento
漏,escapar
漏,tempo
老,velho
老,velhice
老,envelhecer
郎,filho
郎,"sufixo para contagem de filhos"
六,seis
録,gravar
論,argumento
論,discurso
和,harmonia
和,"estilo Japonês"
和,paz
和,amaciar
和,Japão
話,Conversar
話,"falar uma língua"
話,conto
賄,suborno
賄,"conselho (adm.)"
賄,oferta
賄,finanças
惑,enganar
惑,desilusão
惑,perplexidade
枠,moldura
枠,estrutura
枠,carretel
枠,cilindro
湾,golfo
湾,baía
湾,"pequena enseada"
腕,braço
腕,capacidade
腕,talento
